audio_id,status,module,title,rendered_filename,normalized_filename,original_asset_path,final_asset_path,size_bytes,duration_seconds,bit_rate,sample_rate,channels,codec
ACPT-V5-001,manifest_missing_from_full_render_existing_resource,Acceptance and Change,Acceptance and change can work together,,,audio/narration/ACPT-V5-001.mp3,audio/narration/ACPT-V5-001.mp3,583515,36.440816,128000,44100,1,mp3
ACPT-V5-002,matched_imported,Acceptance and Change,What you will learn,ACPT-V5-002.mp3,ACPT-V5-002.mp3,audio/v5/acceptance_and_change/acpt_v5_002.m4a,audio/narration/ACPT-V5-002.mp3,316021,19.722449,128000,44100,1,mp3
ACPT-V5-003,matched_imported,Acceptance and Change,Pause and reflect: what happened last time?,ACPT-V5-003.mp3,ACPT-V5-003.mp3,audio/v5/acceptance_and_change/acpt_v5_003.m4a,audio/narration/ACPT-V5-003.mp3,418421,26.122449,128000,44100,1,mp3
ACPT-V5-004,matched_imported,Acceptance and Change,Acceptance means noticing what is here,ACPT-V5-004.mp3,ACPT-V5-004.mp3,audio/v5/acceptance_and_change/acpt_v5_004.m4a,audio/narration/ACPT-V5-004.mp3,410479,25.626122,128000,44100,1,mp3
ACPT-V5-005,matched_imported,Acceptance and Change,Change means acting where you have influence,ACPT-V5-005.mp3,ACPT-V5-005.mp3,audio/v5/acceptance_and_change/acpt_v5_005.m4a,audio/narration/ACPT-V5-005.mp3,461888,28.839184,128000,44100,1,mp3
ACPT-V5-006,matched_imported,Acceptance and Change,Acceptance is not resignation,ACPT-V5-006.mp3,ACPT-V5-006.mp3,audio/v5/acceptance_and_change/acpt_v5_006.m4a,audio/narration/ACPT-V5-006.mp3,438901,27.402449,128000,44100,1,mp3
ACPT-V5-007,matched_imported,Acceptance and Change,Why trying only to eliminate tinnitus can backfire,ACPT-V5-007.mp3,ACPT-V5-007.mp3,audio/v5/acceptance_and_change/acpt_v5_007.m4a,audio/narration/ACPT-V5-007.mp3,524582,32.757551,128000,44100,1,mp3
ACPT-V5-008,matched_imported,Acceptance and Change,Avoidance can make life smaller,ACPT-V5-008.mp3,ACPT-V5-008.mp3,audio/v5/acceptance_and_change/acpt_v5_008.m4a,audio/narration/ACPT-V5-008.mp3,468158,29.231020,128000,44100,1,mp3
ACPT-V5-009,matched_imported,Acceptance and Change,Sound therapy shows acceptance and change together,ACPT-V5-009.mp3,ACPT-V5-009.mp3,audio/v5/acceptance_and_change/acpt_v5_009.m4a,audio/narration/ACPT-V5-009.mp3,515805,32.208980,128000,44100,1,mp3
ACPT-V5-010,matched_imported,Acceptance and Change,The Yes AND mindset,ACPT-V5-010.mp3,ACPT-V5-010.mp3,audio/v5/acceptance_and_change/acpt_v5_010.m4a,audio/narration/ACPT-V5-010.mp3,453111,28.290612,128000,44100,1,mp3
ACPT-V5-011,matched_imported,Acceptance and Change,Two truths can sit next to each other,ACPT-V5-011.mp3,ACPT-V5-011.mp3,audio/v5/acceptance_and_change/acpt_v5_011.m4a,audio/narration/ACPT-V5-011.mp3,465650,29.074286,128000,44100,1,mp3
ACPT-V5-012,manifest_missing_from_full_render_existing_resource,Acceptance and Change,The tug-of-war with tinnitus,,,audio/narration/ACPT-V5-012.mp3,audio/narration/ACPT-V5-012.mp3,607756,37.955918,128000,44100,1,mp3
ACPT-V5-013,matched_imported,Acceptance and Change,What would dropping the rope mean?,ACPT-V5-013.mp3,ACPT-V5-013.mp3,audio/v5/acceptance_and_change/acpt_v5_013.m4a,audio/narration/ACPT-V5-013.mp3,450186,28.107755,128000,44100,1,mp3
ACPT-V5-014,matched_imported,Acceptance and Change,Important term: acceptance,ACPT-V5-014.mp3,ACPT-V5-014.mp3,audio/v5/acceptance_and_change/acpt_v5_014.m4a,audio/narration/ACPT-V5-014.mp3,258342,16.117551,128000,44100,1,mp3
ACPT-V5-015,matched_imported,Acceptance and Change,Important term: change,ACPT-V5-015.mp3,ACPT-V5-015.mp3,audio/v5/acceptance_and_change/acpt_v5_015.m4a,audio/narration/ACPT-V5-015.mp3,280076,17.475918,128000,44100,1,mp3
ACPT-V5-016,matched_imported,Acceptance and Change,Important term: dialectical thinking,ACPT-V5-016.mp3,ACPT-V5-016.mp3,audio/v5/acceptance_and_change/acpt_v5_016.m4a,audio/narration/ACPT-V5-016.mp3,289271,18.050612,128000,44100,1,mp3
ACPT-V5-017,matched_imported,Acceptance and Change,Important term: experiential avoidance,ACPT-V5-017.mp3,ACPT-V5-017.mp3,audio/v5/acceptance_and_change/acpt_v5_017.m4a,audio/narration/ACPT-V5-017.mp3,290525,18.128980,128000,44100,1,mp3
ACPT-V5-018,matched_imported,Acceptance and Change,Step one: notice the fight,ACPT-V5-018.mp3,ACPT-V5-018.mp3,audio/v5/acceptance_and_change/acpt_v5_018.m4a,audio/narration/ACPT-V5-018.mp3,395433,24.685714,128000,44100,1,mp3
ACPT-V5-019,matched_imported,Acceptance and Change,Step two: choose one useful action,ACPT-V5-019.mp3,ACPT-V5-019.mp3,audio/v5/acceptance_and_change/acpt_v5_019.m4a,audio/narration/ACPT-V5-019.mp3,346532,21.629388,128000,44100,1,mp3
ACPT-V5-020,matched_imported,Acceptance and Change,Reconnecting with what matters,ACPT-V5-020.mp3,ACPT-V5-020.mp3,audio/v5/acceptance_and_change/acpt_v5_020.m4a,audio/narration/ACPT-V5-020.mp3,477353,29.805714,128000,44100,1,mp3
ACPT-V5-021,matched_imported,Acceptance and Change,Why this mindset supports the rest of the app,ACPT-V5-021.mp3,ACPT-V5-021.mp3,audio/v5/acceptance_and_change/acpt_v5_021.m4a,audio/narration/ACPT-V5-021.mp3,578499,36.127347,128000,44100,1,mp3
ACPT-V5-022,matched_imported,Acceptance and Change,FAQ: Is acceptance the same as doing nothing?,ACPT-V5-022.mp3,ACPT-V5-022.mp3,audio/v5/acceptance_and_change/acpt_v5_022.m4a,audio/narration/ACPT-V5-022.mp3,277568,17.319184,128000,44100,1,mp3
ACPT-V5-023,matched_imported,Acceptance and Change,"FAQ: If I stop trying to fix tinnitus, won’t it get worse?",ACPT-V5-023.mp3,ACPT-V5-023.mp3,audio/v5/acceptance_and_change/acpt_v5_023.m4a,audio/narration/ACPT-V5-023.mp3,281330,17.554286,128000,44100,1,mp3
ACPT-V5-024,matched_imported,Acceptance and Change,FAQ: Does acceptance mean I am stuck with tinnitus forever?,ACPT-V5-024.mp3,ACPT-V5-024.mp3,audio/v5/acceptance_and_change/acpt_v5_024.m4a,audio/narration/ACPT-V5-024.mp3,222398,13.871020,128000,44100,1,mp3
ACPT-V5-025,matched_imported,Acceptance and Change,FAQ: How can I accept tinnitus when it feels overwhelming?,ACPT-V5-025.mp3,ACPT-V5-025.mp3,audio/v5/acceptance_and_change/acpt_v5_025.m4a,audio/narration/ACPT-V5-025.mp3,281330,17.554286,128000,44100,1,mp3
ACPT-V5-026,matched_imported,Acceptance and Change,Practice: Yes AND,ACPT-V5-026.mp3,ACPT-V5-026.mp3,audio/v5/acceptance_and_change/acpt_v5_026.m4a,audio/narration/ACPT-V5-026.mp3,436393,27.245714,128000,44100,1,mp3
ACPT-V5-027,matched_imported,Acceptance and Change,Practice: Reconnection with What Matters,ACPT-V5-027.mp3,ACPT-V5-027.mp3,audio/v5/acceptance_and_change/acpt_v5_027.m4a,audio/narration/ACPT-V5-027.mp3,332739,20.767347,128000,44100,1,mp3
ACPT-V5-028,matched_imported,Acceptance and Change,Main points,ACPT-V5-028.mp3,ACPT-V5-028.mp3,audio/v5/acceptance_and_change/acpt_v5_028.m4a,audio/narration/ACPT-V5-028.mp3,464396,28.995918,128000,44100,1,mp3
ACPT-V5-029,matched_imported,Acceptance and Change,Before you move on,ACPT-V5-029.mp3,ACPT-V5-029.mp3,audio/v5/acceptance_and_change/acpt_v5_029.m4a,audio/narration/ACPT-V5-029.mp3,330231,20.610612,128000,44100,1,mp3
ACPT-V5-030,matched_imported,Acceptance and Change,Scope and safety,ACPT-V5-030.mp3,ACPT-V5-030.mp3,audio/v5/acceptance_and_change/acpt_v5_030.m4a,audio/narration/ACPT-V5-030.mp3,461888,28.839184,128000,44100,1,mp3
APP-MP-001,matched_imported,My Plan,What My Plan is,APP-MP-001.mp3,APP-MP-001.mp3,audio/v5/my_plan/app_mp_001.m4a,audio/narration/APP-MP-001.mp3,241624,15.072653,128000,44100,1,mp3
APP-MP-002,matched_imported,My Plan,What belongs in My Plan,APP-MP-002.mp3,APP-MP-002.mp3,audio/v5/my_plan/app_mp_002.m4a,audio/narration/APP-MP-002.mp3,303064,18.912653,128000,44100,1,mp3
APP-MP-003,manifest_missing_from_full_render_existing_resource,My Plan,Three Lines Journal,,,audio/narration/APP-MP-003.mp3,audio/narration/APP-MP-003.mp3,301810,18.834286,128000,44100,1,mp3
APP-MP-004,matched_imported,My Plan,"The point is reflection, not proof",APP-MP-004.mp3,APP-MP-004.mp3,audio/v5/my_plan/app_mp_004.m4a,audio/narration/APP-MP-004.mp3,239116,14.915918,128000,44100,1,mp3
APP-MP-005,matched_imported,My Plan,Past entries and exercise records,APP-MP-005.mp3,APP-MP-005.mp3,audio/v5/my_plan/app_mp_005.m4a,audio/narration/APP-MP-005.mp3,229085,14.288980,128000,44100,1,mp3
AT-000-OV,manifest_missing_from_full_render_existing_resource,About Tinnitus,Why Tinnitus Is More Than Noise,,,audio/narration/AT-000-OV.mp3,audio/narration/AT-000-OV.mp3,409226,25.547755,128000,44100,1,mp3
AT-001-SEEING,matched_imported,About Tinnitus,Seeing the whole picture,AT-001-SEEING.mp3,AT-001-SEEING.mp3,audio/v5/about_tinnitus/at_001_seeing.m4a,audio/narration/AT-001-SEEING.mp3,538793,33.645714,128000,44100,1,mp3
AT-002-BEYOND,manifest_missing_from_full_render_existing_resource,About Tinnitus,Why go beyond the sound?,,,audio/narration/AT-002-BEYOND.mp3,audio/narration/AT-002-BEYOND.mp3,581007,36.284082,128000,44100,1,mp3
AT-003-BODY,matched_imported,About Tinnitus,"Body: hearing, sound, and the nervous system",AT-003-BODY.mp3,AT-003-BODY.mp3,audio/v5/about_tinnitus/at_003_body.m4a,audio/narration/AT-003-BODY.mp3,519567,32.444082,128000,44100,1,mp3
AT-004-MIND,matched_imported,About Tinnitus,"Mind: attention, emotion, and meaning",AT-004-MIND.mp3,AT-004-MIND.mp3,audio/v5/about_tinnitus/at_004_mind.m4a,audio/narration/AT-004-MIND.mp3,566796,35.395918,128000,44100,1,mp3
AT-005-LIFE,matched_imported,About Tinnitus,"Life: sleep, routines, relationships, and the world around you",AT-005-LIFE.mp3,AT-005-LIFE.mp3,audio/v5/about_tinnitus/at_005_life.m4a,audio/narration/AT-005-LIFE.mp3,495325,30.928980,128000,44100,1,mp3
AT-006-MULTIMODAL,matched_imported,About Tinnitus,What “multimodal” means,AT-006-MULTIMODAL.mp3,AT-006-MULTIMODAL.mp3,audio/v5/about_tinnitus/at_006_multimodal.m4a,audio/narration/AT-006-MULTIMODAL.mp3,541301,33.802449,128000,44100,1,mp3
AT-007-HOW,matched_imported,About Tinnitus,How to use this app,AT-007-HOW.mp3,AT-007-HOW.mp3,audio/v5/about_tinnitus/at_007_how.m4a,audio/narration/AT-007-HOW.mp3,471919,29.466122,128000,44100,1,mp3
AT-008-SUPPORT,matched_imported,About Tinnitus,When extra support can help,AT-008-SUPPORT.mp3,AT-008-SUPPORT.mp3,audio/v5/about_tinnitus/at_008_support.m4a,audio/narration/AT-008-SUPPORT.mp3,507864,31.712653,128000,44100,1,mp3
AT-009-EFFORT,matched_imported,About Tinnitus,Small efforts can build control,AT-009-EFFORT.mp3,AT-009-EFFORT.mp3,audio/v5/about_tinnitus/at_009_effort.m4a,audio/narration/AT-009-EFFORT.mp3,497833,31.085714,128000,44100,1,mp3
AT-010-PAUSE,matched_imported,About Tinnitus,Pause & Reflect: Why am I doing this?,AT-010-PAUSE.mp3,AT-010-PAUSE.mp3,audio/v5/about_tinnitus/at_010_pause.m4a,audio/narration/AT-010-PAUSE.mp3,523328,32.679184,128000,44100,1,mp3
AT-011-BML-EX,matched_imported,About Tinnitus,Body / Mind / Life Exploration,AT-011-BML-EX.mp3,AT-011-BML-EX.mp3,audio/v5/about_tinnitus/at_011_bml_ex.m4a,audio/narration/AT-011-BML-EX.mp3,587276,36.675918,128000,44100,1,mp3
AT-012-POINTS,matched_imported,About Tinnitus,Main points before you move on,AT-012-POINTS.mp3,AT-012-POINTS.mp3,audio/v5/about_tinnitus/at_012_points.m4a,audio/narration/AT-012-POINTS.mp3,536285,33.488980,128000,44100,1,mp3
AT-013-NEXT,matched_imported,About Tinnitus,A good next step: Sound Therapy,AT-013-NEXT.mp3,AT-013-NEXT.mp3,audio/v5/about_tinnitus/at_013_next.m4a,audio/narration/AT-013-NEXT.mp3,409226,25.547755,128000,44100,1,mp3
AT-014-SAFETY,matched_imported,About Tinnitus,Scope and safety,AT-014-SAFETY.mp3,AT-014-SAFETY.mp3,audio/v5/about_tinnitus/at_014_safety.m4a,audio/narration/AT-014-SAFETY.mp3,634506,39.627755,128000,44100,1,mp3
AUD-CR-01,matched_imported,Cognitive Reframing,Cognitive Reframing: Challenging Negative Thought Patterns,AUD-CR-01.mp3,AUD-CR-01.mp3,audio/v5/cognitive_reframing/aud_cr_01.m4a,audio/narration/AUD-CR-01.mp3,487384,30.432653,128000,44100,1,mp3
AUD-CR-02,matched_imported,Cognitive Reframing,What You’ll Learn in This Section,AUD-CR-02.mp3,AUD-CR-02.mp3,audio/v5/cognitive_reframing/aud_cr_02.m4a,audio/narration/AUD-CR-02.mp3,419675,26.200816,128000,44100,1,mp3
AUD-CR-03,matched_imported,Cognitive Reframing,Why Tinnitus Thoughts Can Move So Fast,AUD-CR-03.mp3,AUD-CR-03.mp3,audio/v5/cognitive_reframing/aud_cr_03.m4a,audio/narration/AUD-CR-03.mp3,497833,31.085714,128000,44100,1,mp3
AUD-CR-04,matched_imported,Cognitive Reframing,"The Thoughts, Feelings, and Behaviors Loop",AUD-CR-04.mp3,AUD-CR-04.mp3,audio/v5/cognitive_reframing/aud_cr_04.m4a,audio/narration/AUD-CR-04.mp3,500341,31.242449,128000,44100,1,mp3
AUD-CR-05,manifest_missing_from_full_render_existing_resource,Cognitive Reframing,Reality-Checking Your Mind,,,audio/narration/AUD-CR-05.mp3,audio/narration/AUD-CR-05.mp3,469412,29.309388,128000,44100,1,mp3
AUD-CR-06,matched_imported,Cognitive Reframing,Pause and Look Back on a Quick Reaction,AUD-CR-06.mp3,AUD-CR-06.mp3,audio/v5/cognitive_reframing/aud_cr_06.m4a,audio/narration/AUD-CR-06.mp3,412151,25.730612,128000,44100,1,mp3
AUD-CR-07,matched_imported,Cognitive Reframing,"Accurate Thinking, Not Forced Positivity",AUD-CR-07.mp3,AUD-CR-07.mp3,audio/v5/cognitive_reframing/aud_cr_07.m4a,audio/narration/AUD-CR-07.mp3,455619,28.447347,128000,44100,1,mp3
AUD-CR-08,matched_imported,Cognitive Reframing,Why Reframing Helps Even If the Sound Is Still There,AUD-CR-08.mp3,AUD-CR-08.mp3,audio/v5/cognitive_reframing/aud_cr_08.m4a,audio/narration/AUD-CR-08.mp3,410479,25.626122,128000,44100,1,mp3
AUD-CR-09,matched_imported,Cognitive Reframing,Using the Same Skill with Sound Sensitivity,AUD-CR-09.mp3,AUD-CR-09.mp3,audio/v5/cognitive_reframing/aud_cr_09.m4a,audio/narration/AUD-CR-09.mp3,404210,25.234286,128000,44100,1,mp3
AUD-CR-10,matched_imported,Cognitive Reframing,Example: A Loud Tinnitus Morning,AUD-CR-10.mp3,AUD-CR-10.mp3,audio/v5/cognitive_reframing/aud_cr_10.m4a,audio/narration/AUD-CR-10.mp3,396687,24.764082,128000,44100,1,mp3
AUD-CR-11,matched_imported,Cognitive Reframing,Term: Cognitive Restructuring,AUD-CR-11.mp3,AUD-CR-11.mp3,audio/v5/cognitive_reframing/aud_cr_11.m4a,audio/narration/AUD-CR-11.mp3,205679,12.826122,128000,44100,1,mp3
AUD-CR-12,matched_imported,Cognitive Reframing,Term: Distorted Thought,AUD-CR-12.mp3,AUD-CR-12.mp3,audio/v5/cognitive_reframing/aud_cr_12.m4a,audio/narration/AUD-CR-12.mp3,273807,17.084082,128000,44100,1,mp3
AUD-CR-13,matched_imported,Cognitive Reframing,Term: Reframing,AUD-CR-13.mp3,AUD-CR-13.mp3,audio/v5/cognitive_reframing/aud_cr_13.m4a,audio/narration/AUD-CR-13.mp3,217382,13.557551,128000,44100,1,mp3
AUD-CR-14,matched_imported,Cognitive Reframing,Term: Behavioral Experiment,AUD-CR-14.mp3,AUD-CR-14.mp3,audio/v5/cognitive_reframing/aud_cr_14.m4a,audio/narration/AUD-CR-14.mp3,291779,18.207347,128000,44100,1,mp3
AUD-CR-15,matched_imported,Cognitive Reframing,Start with Small Thought Moments,AUD-CR-15.mp3,AUD-CR-15.mp3,audio/v5/cognitive_reframing/aud_cr_15.m4a,audio/narration/AUD-CR-15.mp3,422182,26.357551,128000,44100,1,mp3
AUD-CR-16,matched_imported,Cognitive Reframing,You Will Miss Most Thoughts at First,AUD-CR-16.mp3,AUD-CR-16.mp3,audio/v5/cognitive_reframing/aud_cr_16.m4a,audio/narration/AUD-CR-16.mp3,319782,19.957551,128000,44100,1,mp3
AUD-CR-17,manifest_missing_from_full_render_existing_resource,Cognitive Reframing,The Cognitive Distortion Library,,,audio/narration/AUD-CR-17.mp3,audio/narration/AUD-CR-17.mp3,327306,20.427755,128000,44100,1,mp3
AUD-CR-18,matched_imported,Cognitive Reframing,All-or-Nothing Thinking,AUD-CR-18.mp3,AUD-CR-18.mp3,audio/v5/cognitive_reframing/aud_cr_18.m4a,audio/narration/AUD-CR-18.mp3,392925,24.528980,128000,44100,1,mp3
AUD-CR-19,matched_imported,Cognitive Reframing,Overgeneralization,AUD-CR-19.mp3,AUD-CR-19.mp3,audio/v5/cognitive_reframing/aud_cr_19.m4a,audio/narration/AUD-CR-19.mp3,316021,19.722449,128000,44100,1,mp3
AUD-CR-20,matched_imported,Cognitive Reframing,Filtering,AUD-CR-20.mp3,AUD-CR-20.mp3,audio/v5/cognitive_reframing/aud_cr_20.m4a,audio/narration/AUD-CR-20.mp3,224906,14.027755,128000,44100,1,mp3
AUD-CR-21,matched_imported,Cognitive Reframing,Mind Reading,AUD-CR-21.mp3,AUD-CR-21.mp3,audio/v5/cognitive_reframing/aud_cr_21.m4a,audio/narration/AUD-CR-21.mp3,321036,20.035918,128000,44100,1,mp3
AUD-CR-22,matched_imported,Cognitive Reframing,Minimizing,AUD-CR-22.mp3,AUD-CR-22.mp3,audio/v5/cognitive_reframing/aud_cr_22.m4a,audio/narration/AUD-CR-22.mp3,249565,15.568980,128000,44100,1,mp3
AUD-CR-23,matched_imported,Cognitive Reframing,Catastrophizing,AUD-CR-23.mp3,AUD-CR-23.mp3,audio/v5/cognitive_reframing/aud_cr_23.m4a,audio/narration/AUD-CR-23.mp3,319782,19.957551,128000,44100,1,mp3
AUD-CR-24,matched_imported,Cognitive Reframing,Control Fallacies,AUD-CR-24.mp3,AUD-CR-24.mp3,audio/v5/cognitive_reframing/aud_cr_24.m4a,audio/narration/AUD-CR-24.mp3,280076,17.475918,128000,44100,1,mp3
AUD-CR-25,matched_imported,Cognitive Reframing,Heaven’s Reward Fallacy,AUD-CR-25.mp3,AUD-CR-25.mp3,audio/v5/cognitive_reframing/aud_cr_25.m4a,audio/narration/AUD-CR-25.mp3,270045,16.848980,128000,44100,1,mp3
AUD-CR-26,matched_imported,Cognitive Reframing,Labeling,AUD-CR-26.mp3,AUD-CR-26.mp3,audio/v5/cognitive_reframing/aud_cr_26.m4a,audio/narration/AUD-CR-26.mp3,226159,14.106122,128000,44100,1,mp3
AUD-CR-27,matched_imported,Cognitive Reframing,Personalization,AUD-CR-27.mp3,AUD-CR-27.mp3,audio/v5/cognitive_reframing/aud_cr_27.m4a,audio/narration/AUD-CR-27.mp3,286346,17.867755,128000,44100,1,mp3
AUD-CR-28,matched_imported,Cognitive Reframing,Exercise: Identifying and Naming Cognitive Distortions,AUD-CR-28.mp3,AUD-CR-28.mp3,audio/v5/cognitive_reframing/aud_cr_28.m4a,audio/narration/AUD-CR-28.mp3,328559,20.506122,128000,44100,1,mp3
AUD-CR-29,matched_imported,Cognitive Reframing,Exercise: Evidence For-and-Against,AUD-CR-29.mp3,AUD-CR-29.mp3,audio/v5/cognitive_reframing/aud_cr_29.m4a,audio/narration/AUD-CR-29.mp3,295541,18.442449,128000,44100,1,mp3
AUD-CR-30,matched_imported,Cognitive Reframing,Testing a Thought in Real Life,AUD-CR-30.mp3,AUD-CR-30.mp3,audio/v5/cognitive_reframing/aud_cr_30.m4a,audio/narration/AUD-CR-30.mp3,381222,23.797551,128000,44100,1,mp3
AUD-CR-31,matched_imported,Cognitive Reframing,How Reframing Connects to the Bigger Picture,AUD-CR-31.mp3,AUD-CR-31.mp3,audio/v5/cognitive_reframing/aud_cr_31.m4a,audio/narration/AUD-CR-31.mp3,412151,25.730612,128000,44100,1,mp3
AUD-CR-32,matched_imported,Cognitive Reframing,This Skill Can Spread Beyond Tinnitus,AUD-CR-32.mp3,AUD-CR-32.mp3,audio/v5/cognitive_reframing/aud_cr_32.m4a,audio/narration/AUD-CR-32.mp3,351965,21.968980,128000,44100,1,mp3
AUD-CR-33,matched_imported,Cognitive Reframing,FAQ: Is Cognitive Restructuring Forced Positivity?,AUD-CR-33.mp3,AUD-CR-33.mp3,audio/v5/cognitive_reframing/aud_cr_33.m4a,audio/narration/AUD-CR-33.mp3,285092,17.789388,128000,44100,1,mp3
AUD-CR-34,matched_imported,Cognitive Reframing,FAQ: How Do I Know If a Thought Is Distorted?,AUD-CR-34.mp3,AUD-CR-34.mp3,audio/v5/cognitive_reframing/aud_cr_34.m4a,audio/narration/AUD-CR-34.mp3,305572,19.069388,128000,44100,1,mp3
AUD-CR-35,matched_imported,Cognitive Reframing,FAQ: Will Reframing Silence My Tinnitus?,AUD-CR-35.mp3,AUD-CR-35.mp3,audio/v5/cognitive_reframing/aud_cr_35.m4a,audio/narration/AUD-CR-35.mp3,229085,14.288980,128000,44100,1,mp3
AUD-CR-36,matched_imported,Cognitive Reframing,FAQ: Do I Have to Do a Thought Record Every Time?,AUD-CR-36.mp3,AUD-CR-36.mp3,audio/v5/cognitive_reframing/aud_cr_36.m4a,audio/narration/AUD-CR-36.mp3,254581,15.882449,128000,44100,1,mp3
AUD-CR-37,matched_imported,Cognitive Reframing,Main Points,AUD-CR-37.mp3,AUD-CR-37.mp3,audio/v5/cognitive_reframing/aud_cr_37.m4a,audio/narration/AUD-CR-37.mp3,369519,23.066122,128000,44100,1,mp3
AUD-CR-38,matched_imported,Cognitive Reframing,Your Cognitive Reframing Plan,AUD-CR-38.mp3,AUD-CR-38.mp3,audio/v5/cognitive_reframing/aud_cr_38.m4a,audio/narration/AUD-CR-38.mp3,351965,21.968980,128000,44100,1,mp3
AUD-CR-39,matched_imported,Cognitive Reframing,When Thought Work Is Not the First Step,AUD-CR-39.mp3,AUD-CR-39.mp3,audio/v5/cognitive_reframing/aud_cr_39.m4a,audio/narration/AUD-CR-39.mp3,429706,26.827755,128000,44100,1,mp3
AUD-MF-V5-001,matched_imported,Mindfulness,Mindfulness: finding calm in the present moment,AUD-MF-V5-001.mp3,AUD-MF-V5-001.mp3,audio/v5/mindfulness/aud_mf_v5_001.m4a,audio/narration/AUD-MF-V5-001.mp3,386238,24.111020,128000,44100,1,mp3
AUD-MF-V5-002,matched_imported,Mindfulness,What you will practice in this section,AUD-MF-V5-002.mp3,AUD-MF-V5-002.mp3,audio/v5/mindfulness/aud_mf_v5_002.m4a,audio/narration/AUD-MF-V5-002.mp3,378715,23.640816,128000,44100,1,mp3
AUD-MF-V5-003,matched_imported,Mindfulness,What mindfulness means for tinnitus,AUD-MF-V5-003.mp3,AUD-MF-V5-003.mp3,audio/v5/mindfulness/aud_mf_v5_003.m4a,audio/narration/AUD-MF-V5-003.mp3,553839,34.586122,128000,44100,1,mp3
AUD-MF-V5-004,matched_imported,Mindfulness,You do not have to like the ringing,AUD-MF-V5-004.mp3,AUD-MF-V5-004.mp3,audio/v5/mindfulness/aud_mf_v5_004.m4a,audio/narration/AUD-MF-V5-004.mp3,377461,23.562449,128000,44100,1,mp3
AUD-MF-V5-005,manifest_missing_from_full_render_existing_resource,Mindfulness,Mindfulness is not forced silence,,,audio/narration/AUD-MF-V5-005.mp3,audio/narration/AUD-MF-V5-005.mp3,471919,29.466122,128000,44100,1,mp3
AUD-MF-V5-006,matched_imported,Mindfulness,Mindfulness is not the same as relaxation,AUD-MF-V5-006.mp3,AUD-MF-V5-006.mp3,audio/v5/mindfulness/aud_mf_v5_006.m4a,audio/narration/AUD-MF-V5-006.mp3,387492,24.189388,128000,44100,1,mp3
AUD-MF-V5-007,matched_imported,Mindfulness,Neutral observation and non-judgment,AUD-MF-V5-007.mp3,AUD-MF-V5-007.mp3,audio/v5/mindfulness/aud_mf_v5_007.m4a,audio/narration/AUD-MF-V5-007.mp3,456873,28.525714,128000,44100,1,mp3
AUD-MF-V5-008,matched_imported,Mindfulness,Why non-judgment lowers reactivity,AUD-MF-V5-008.mp3,AUD-MF-V5-008.mp3,audio/v5/mindfulness/aud_mf_v5_008.m4a,audio/narration/AUD-MF-V5-008.mp3,428452,26.749388,128000,44100,1,mp3
AUD-MF-V5-009,matched_imported,Mindfulness,Mindfulness can work with sound therapy,AUD-MF-V5-009.mp3,AUD-MF-V5-009.mp3,audio/v5/mindfulness/aud_mf_v5_009.m4a,audio/narration/AUD-MF-V5-009.mp3,404210,25.234286,128000,44100,1,mp3
AUD-MF-V5-010,matched_imported,Mindfulness,Mindfulness supports acceptance,AUD-MF-V5-010.mp3,AUD-MF-V5-010.mp3,audio/v5/mindfulness/aud_mf_v5_010.m4a,audio/narration/AUD-MF-V5-010.mp3,355727,22.204082,128000,44100,1,mp3
AUD-MF-V5-011,matched_imported,Mindfulness,Mini-practice: 3-2-1 senses,AUD-MF-V5-011.mp3,AUD-MF-V5-011.mp3,audio/v5/mindfulness/aud_mf_v5_011.m4a,audio/narration/AUD-MF-V5-011.mp3,419675,26.200816,128000,44100,1,mp3
AUD-MF-V5-012,matched_imported,Mindfulness,Important terms,AUD-MF-V5-012.mp3,AUD-MF-V5-012.mp3,audio/v5/mindfulness/aud_mf_v5_012.m4a,audio/narration/AUD-MF-V5-012.mp3,427198,26.671020,128000,44100,1,mp3
AUD-MF-V5-013,matched_imported,Mindfulness,Putting mindfulness into daily life,AUD-MF-V5-013.mp3,AUD-MF-V5-013.mp3,audio/v5/mindfulness/aud_mf_v5_013.m4a,audio/narration/AUD-MF-V5-013.mp3,433885,27.088980,128000,44100,1,mp3
AUD-MF-V5-014,matched_imported,Mindfulness,Responding instead of reacting,AUD-MF-V5-014.mp3,AUD-MF-V5-014.mp3,audio/v5/mindfulness/aud_mf_v5_014.m4a,audio/narration/AUD-MF-V5-014.mp3,340262,21.237551,128000,44100,1,mp3
AUD-MF-V5-015,matched_imported,Mindfulness,How mindfulness connects to the bigger picture,AUD-MF-V5-015.mp3,AUD-MF-V5-015.mp3,audio/v5/mindfulness/aud_mf_v5_015.m4a,audio/narration/AUD-MF-V5-015.mp3,504102,31.477551,128000,44100,1,mp3
AUD-MF-V5-016,matched_imported,Mindfulness,FAQ: Will mindfulness make me focus on tinnitus more?,AUD-MF-V5-016.mp3,AUD-MF-V5-016.mp3,audio/v5/mindfulness/aud_mf_v5_016.m4a,audio/narration/AUD-MF-V5-016.mp3,339008,21.159184,128000,44100,1,mp3
AUD-MF-V5-017,matched_imported,Mindfulness,FAQ: Do I need silence?,AUD-MF-V5-017.mp3,AUD-MF-V5-017.mp3,audio/v5/mindfulness/aud_mf_v5_017.m4a,audio/narration/AUD-MF-V5-017.mp3,272553,17.005714,128000,44100,1,mp3
AUD-MF-V5-018,matched_imported,Mindfulness,FAQ: Is mindfulness relaxation?,AUD-MF-V5-018.mp3,AUD-MF-V5-018.mp3,audio/v5/mindfulness/aud_mf_v5_018.m4a,audio/narration/AUD-MF-V5-018.mp3,300556,18.755918,128000,44100,1,mp3
AUD-MF-V5-019,matched_imported,Mindfulness,FAQ: How long do I need to practice?,AUD-MF-V5-019.mp3,AUD-MF-V5-019.mp3,audio/v5/mindfulness/aud_mf_v5_019.m4a,audio/narration/AUD-MF-V5-019.mp3,301810,18.834286,128000,44100,1,mp3
AUD-MF-V5-020,matched_imported,Mindfulness,Exercise: Mindful Listening in Everyday Activity,AUD-MF-V5-020.mp3,AUD-MF-V5-020.mp3,audio/v5/mindfulness/aud_mf_v5_020.m4a,audio/narration/AUD-MF-V5-020.mp3,487384,30.432653,128000,44100,1,mp3
AUD-MF-V5-021,matched_imported,Mindfulness,Reflect after mindful listening,AUD-MF-V5-021.mp3,AUD-MF-V5-021.mp3,audio/v5/mindfulness/aud_mf_v5_021.m4a,audio/narration/AUD-MF-V5-021.mp3,313513,19.565714,128000,44100,1,mp3
AUD-MF-V5-022,manifest_missing_from_full_render_existing_resource,Mindfulness,Exercise: Sound Shifting Practice,,,audio/narration/AUD-MF-V5-022.mp3,audio/narration/AUD-MF-V5-022.mp3,487384,30.432653,128000,44100,1,mp3
AUD-MF-V5-023,matched_imported,Mindfulness,Reflect after sound shifting,AUD-MF-V5-023.mp3,AUD-MF-V5-023.mp3,audio/v5/mindfulness/aud_mf_v5_023.m4a,audio/narration/AUD-MF-V5-023.mp3,328559,20.506122,128000,44100,1,mp3
AUD-MF-V5-024,matched_imported,Mindfulness,Tips for sound shifting,AUD-MF-V5-024.mp3,AUD-MF-V5-024.mp3,audio/v5/mindfulness/aud_mf_v5_024.m4a,audio/narration/AUD-MF-V5-024.mp3,368266,22.987755,128000,44100,1,mp3
AUD-MF-V5-025,matched_imported,Mindfulness,When mindfulness feels hard,AUD-MF-V5-025.mp3,AUD-MF-V5-025.mp3,audio/v5/mindfulness/aud_mf_v5_025.m4a,audio/narration/AUD-MF-V5-025.mp3,405464,25.312653,128000,44100,1,mp3
AUD-MF-V5-026,matched_imported,Mindfulness,Main points,AUD-MF-V5-026.mp3,AUD-MF-V5-026.mp3,audio/v5/mindfulness/aud_mf_v5_026.m4a,audio/narration/AUD-MF-V5-026.mp3,413405,25.808980,128000,44100,1,mp3
AUD-MF-V5-027,matched_imported,Mindfulness,Your mindfulness plan,AUD-MF-V5-027.mp3,AUD-MF-V5-027.mp3,audio/v5/mindfulness/aud_mf_v5_027.m4a,audio/narration/AUD-MF-V5-027.mp3,369519,23.066122,128000,44100,1,mp3
AUD-MF-V5-028,matched_imported,Mindfulness,Scope and safety,AUD-MF-V5-028.mp3,AUD-MF-V5-028.mp3,audio/v5/mindfulness/aud_mf_v5_028.m4a,audio/narration/AUD-MF-V5-028.mp3,418421,26.122449,128000,44100,1,mp3
CC-V5-001,matched_imported,Confidence and Communication,Supporting Yourself and Communicating Needs,CC-V5-001.mp3,CC-V5-001.mp3,audio/v5/confidence_and_communication/cc_v5_001.m4a,audio/narration/CC-V5-001.mp3,229085,14.288980,128000,44100,1,mp3
CC-V5-002,matched_imported,Confidence and Communication,Why these topics fit together,CC-V5-002.mp3,CC-V5-002.mp3,audio/v5/confidence_and_communication/cc_v5_002.m4a,audio/narration/CC-V5-002.mp3,337755,21.080816,128000,44100,1,mp3
CC-V5-003,matched_imported,Confidence and Communication,What you will learn in this section,CC-V5-003.mp3,CC-V5-003.mp3,audio/v5/confidence_and_communication/cc_v5_003.m4a,audio/narration/CC-V5-003.mp3,433885,27.088980,128000,44100,1,mp3
CC-V5-004,matched_imported,Confidence and Communication,When tinnitus turns into self-criticism,CC-V5-004.mp3,CC-V5-004.mp3,audio/v5/confidence_and_communication/cc_v5_004.m4a,audio/narration/CC-V5-004.mp3,382476,23.875918,128000,44100,1,mp3
CC-V5-005,matched_imported,Confidence and Communication,Self-compassion is not giving up,CC-V5-005.mp3,CC-V5-005.mp3,audio/v5/confidence_and_communication/cc_v5_005.m4a,audio/narration/CC-V5-005.mp3,355727,22.204082,128000,44100,1,mp3
CC-V5-006,manifest_missing_from_full_render_existing_resource,Confidence and Communication,The three parts of self-compassion,,,audio/narration/CC-V5-006.mp3,audio/narration/CC-V5-006.mp3,415913,25.965714,128000,44100,1,mp3
CC-V5-007,matched_imported,Confidence and Communication,Self-kindness: how would you respond to someone you care about?,CC-V5-007.mp3,CC-V5-007.mp3,audio/v5/confidence_and_communication/cc_v5_007.m4a,audio/narration/CC-V5-007.mp3,306826,19.147755,128000,44100,1,mp3
CC-V5-008,matched_imported,Confidence and Communication,Common humanity: you are not the only person struggling,CC-V5-008.mp3,CC-V5-008.mp3,audio/v5/confidence_and_communication/cc_v5_008.m4a,audio/narration/CC-V5-008.mp3,322290,20.114286,128000,44100,1,mp3
CC-V5-009,matched_imported,Confidence and Communication,Mindful awareness: notice without amplifying,CC-V5-009.mp3,CC-V5-009.mp3,audio/v5/confidence_and_communication/cc_v5_009.m4a,audio/narration/CC-V5-009.mp3,361996,22.595918,128000,44100,1,mp3
CC-V5-010,matched_imported,Confidence and Communication,Validation: your reaction makes sense,CC-V5-010.mp3,CC-V5-010.mp3,audio/v5/confidence_and_communication/cc_v5_010.m4a,audio/narration/CC-V5-010.mp3,396687,24.764082,128000,44100,1,mp3
CC-V5-011,matched_imported,Confidence and Communication,A brief validation practice,CC-V5-011.mp3,CC-V5-011.mp3,audio/v5/confidence_and_communication/cc_v5_011.m4a,audio/narration/CC-V5-011.mp3,466904,29.152653,128000,44100,1,mp3
CC-V5-012,matched_imported,Confidence and Communication,From self-blame to a supportive inner voice,CC-V5-012.mp3,CC-V5-012.mp3,audio/v5/confidence_and_communication/cc_v5_012.m4a,audio/narration/CC-V5-012.mp3,371191,23.170612,128000,44100,1,mp3
CC-V5-013,matched_imported,Confidence and Communication,Optional mini-practice: give tinnitus a nickname,CC-V5-013.mp3,CC-V5-013.mp3,audio/v5/confidence_and_communication/cc_v5_013.m4a,audio/narration/CC-V5-013.mp3,376207,23.484082,128000,44100,1,mp3
CC-V5-014,matched_imported,Confidence and Communication,Important terms: self-compassion and validation,CC-V5-014.mp3,CC-V5-014.mp3,audio/v5/confidence_and_communication/cc_v5_014.m4a,audio/narration/CC-V5-014.mp3,406718,25.391020,128000,44100,1,mp3
CC-V5-015,matched_imported,Confidence and Communication,Putting self-compassion into practice,CC-V5-015.mp3,CC-V5-015.mp3,audio/v5/confidence_and_communication/cc_v5_015.m4a,audio/narration/CC-V5-015.mp3,448932,28.029388,128000,44100,1,mp3
CC-V5-016,matched_imported,Confidence and Communication,How self-compassion connects to the other tools,CC-V5-016.mp3,CC-V5-016.mp3,audio/v5/confidence_and_communication/cc_v5_016.m4a,audio/narration/CC-V5-016.mp3,381222,23.797551,128000,44100,1,mp3
CC-V5-017,matched_imported,Confidence and Communication,FAQ: Won’t kindness make me less motivated?,CC-V5-017.mp3,CC-V5-017.mp3,audio/v5/confidence_and_communication/cc_v5_017.m4a,audio/narration/CC-V5-017.mp3,263358,16.431020,128000,44100,1,mp3
CC-V5-018,matched_imported,Confidence and Communication,FAQ: Is self-compassion just self-pity?,CC-V5-018.mp3,CC-V5-018.mp3,audio/v5/confidence_and_communication/cc_v5_018.m4a,audio/narration/CC-V5-018.mp3,232847,14.524082,128000,44100,1,mp3
CC-V5-019,matched_imported,Confidence and Communication,FAQ: How do I validate myself when others dismiss tinnitus?,CC-V5-019.mp3,CC-V5-019.mp3,audio/v5/confidence_and_communication/cc_v5_019.m4a,audio/narration/CC-V5-019.mp3,287599,17.946122,128000,44100,1,mp3
CC-V5-020,matched_imported,Confidence and Communication,FAQ: What if kind self-talk feels awkward?,CC-V5-020.mp3,CC-V5-020.mp3,audio/v5/confidence_and_communication/cc_v5_020.m4a,audio/narration/CC-V5-020.mp3,207351,12.930612,128000,44100,1,mp3
CC-V5-021,matched_imported,Confidence and Communication,Exercise: re-scripting a self-critical thought,CC-V5-021.mp3,CC-V5-021.mp3,audio/v5/confidence_and_communication/cc_v5_021.m4a,audio/narration/CC-V5-021.mp3,347786,21.707755,128000,44100,1,mp3
CC-V5-022,matched_imported,Confidence and Communication,Main points for supporting yourself,CC-V5-022.mp3,CC-V5-022.mp3,audio/v5/confidence_and_communication/cc_v5_022.m4a,audio/narration/CC-V5-022.mp3,333993,20.845714,128000,44100,1,mp3
CC-V5-023,manifest_missing_from_full_render_no_resource,Confidence and Communication,Your self-compassion and validation plan,,,audio/v5/confidence_and_communication/cc_v5_023.m4a,audio/v5/confidence_and_communication/cc_v5_023.m4a,,,,,,
CC-V5-024,matched_imported,Confidence and Communication,Why communication matters with tinnitus,CC-V5-024.mp3,CC-V5-024.mp3,audio/v5/confidence_and_communication/cc_v5_024.m4a,audio/narration/CC-V5-024.mp3,400448,24.999184,128000,44100,1,mp3
CC-V5-025,matched_imported,Confidence and Communication,Invisible symptoms can create misunderstanding,CC-V5-025.mp3,CC-V5-025.mp3,audio/v5/confidence_and_communication/cc_v5_025.m4a,audio/narration/CC-V5-025.mp3,365758,22.831020,128000,44100,1,mp3
CC-V5-026,matched_imported,Confidence and Communication,Self-advocacy without guilt,CC-V5-026.mp3,CC-V5-026.mp3,audio/v5/confidence_and_communication/cc_v5_026.m4a,audio/narration/CC-V5-026.mp3,291779,18.207347,128000,44100,1,mp3
CC-V5-027,manifest_missing_from_full_render_existing_resource,Confidence and Communication,DEAR MAN: a structure for clear requests,,,audio/narration/CC-V5-027.mp3,audio/narration/CC-V5-027.mp3,460635,28.760816,128000,44100,1,mp3
CC-V5-028,matched_imported,Confidence and Communication,"DEAR: describe, express, assert, reinforce",CC-V5-028.mp3,CC-V5-028.mp3,audio/v5/confidence_and_communication/cc_v5_028.m4a,audio/narration/CC-V5-028.mp3,400448,24.999184,128000,44100,1,mp3
CC-V5-029,matched_imported,Confidence and Communication,"MAN: stay mindful, appear confident, negotiate",CC-V5-029.mp3,CC-V5-029.mp3,audio/v5/confidence_and_communication/cc_v5_029.m4a,audio/narration/CC-V5-029.mp3,376207,23.484082,128000,44100,1,mp3
CC-V5-030,manifest_missing_from_full_render_no_resource,Confidence and Communication,FAST: preserving self-respect,,,audio/v5/confidence_and_communication/cc_v5_030.m4a,audio/v5/confidence_and_communication/cc_v5_030.m4a,,,,,,
CC-V5-031,matched_imported,Confidence and Communication,Mini-practice: speak up in one sentence,CC-V5-031.mp3,CC-V5-031.mp3,audio/v5/confidence_and_communication/cc_v5_031.m4a,audio/narration/CC-V5-031.mp3,347786,21.707755,128000,44100,1,mp3
CC-V5-032,matched_imported,Confidence and Communication,Important terms: communication and self-respect,CC-V5-032.mp3,CC-V5-032.mp3,audio/v5/confidence_and_communication/cc_v5_032.m4a,audio/narration/CC-V5-032.mp3,207351,12.930612,128000,44100,1,mp3
CC-V5-033,matched_imported,Confidence and Communication,Putting communication skills into practice,CC-V5-033.mp3,CC-V5-033.mp3,audio/v5/confidence_and_communication/cc_v5_033.m4a,audio/narration/CC-V5-033.mp3,382476,23.875918,128000,44100,1,mp3
CC-V5-034,matched_imported,Confidence and Communication,How communication connects to the bigger picture,CC-V5-034.mp3,CC-V5-034.mp3,audio/v5/confidence_and_communication/cc_v5_034.m4a,audio/narration/CC-V5-034.mp3,384984,24.032653,128000,44100,1,mp3
CC-V5-035,matched_imported,Confidence and Communication,FAQ: Will asking for quieter options make me seem needy?,CC-V5-035.mp3,CC-V5-035.mp3,audio/v5/confidence_and_communication/cc_v5_035.m4a,audio/narration/CC-V5-035.mp3,226159,14.106122,128000,44100,1,mp3
CC-V5-036,matched_imported,Confidence and Communication,FAQ: What if someone dismisses my tinnitus?,CC-V5-036.mp3,CC-V5-036.mp3,audio/v5/confidence_and_communication/cc_v5_036.m4a,audio/narration/CC-V5-036.mp3,224906,14.027755,128000,44100,1,mp3
CC-V5-037,matched_imported,Confidence and Communication,FAQ: Is DEAR MAN too structured for real life?,CC-V5-037.mp3,CC-V5-037.mp3,audio/v5/confidence_and_communication/cc_v5_037.m4a,audio/narration/CC-V5-037.mp3,186871,11.650612,128000,44100,1,mp3
CC-V5-038,matched_imported,Confidence and Communication,FAQ: What if I feel guilty inconveniencing others?,CC-V5-038.mp3,CC-V5-038.mp3,audio/v5/confidence_and_communication/cc_v5_038.m4a,audio/narration/CC-V5-038.mp3,217382,13.557551,128000,44100,1,mp3
CC-V5-039,matched_imported,Confidence and Communication,Exercise: express your needs with DEAR MAN,CC-V5-039.mp3,CC-V5-039.mp3,audio/v5/confidence_and_communication/cc_v5_039.m4a,audio/narration/CC-V5-039.mp3,356981,22.282449,128000,44100,1,mp3
CC-V5-040,manifest_missing_from_full_render_no_resource,Confidence and Communication,Using FAST as a self-respect check,,,audio/v5/confidence_and_communication/cc_v5_040.m4a,audio/v5/confidence_and_communication/cc_v5_040.m4a,,,,,,
CC-V5-041,matched_imported,Confidence and Communication,Main points for communicating with others,CC-V5-041.mp3,CC-V5-041.mp3,audio/v5/confidence_and_communication/cc_v5_041.m4a,audio/narration/CC-V5-041.mp3,353219,22.047347,128000,44100,1,mp3
CC-V5-042,manifest_missing_from_full_render_no_resource,Confidence and Communication,Your communication plan,,,audio/v5/confidence_and_communication/cc_v5_042.m4a,audio/v5/confidence_and_communication/cc_v5_042.m4a,,,,,,
CC-V5-043,matched_imported,Confidence and Communication,Confidence inside and outside,CC-V5-043.mp3,CC-V5-043.mp3,audio/v5/confidence_and_communication/cc_v5_043.m4a,audio/narration/CC-V5-043.mp3,413405,25.808980,128000,44100,1,mp3
CC-V5-044,matched_imported,Confidence and Communication,When extra support may help,CC-V5-044.mp3,CC-V5-044.mp3,audio/v5/confidence_and_communication/cc_v5_044.m4a,audio/narration/CC-V5-044.mp3,435139,27.167347,128000,44100,1,mp3
DT-500-INTRO,matched_imported,Distress Tolerance,Tools for intense tinnitus moments,DT-500-INTRO.mp3,DT-500-INTRO.mp3,audio/v5/distress_tolerance/dt_500_intro.m4a,audio/narration/DT-500-INTRO.mp3,440155,27.480816,128000,44100,1,mp3
DT-501-OBJECTIVES,matched_imported,Distress Tolerance,What you will learn in this section,DT-501-OBJECTIVES.mp3,DT-501-OBJECTIVES.mp3,audio/v5/distress_tolerance/dt_501_objectives.m4a,audio/narration/DT-501-OBJECTIVES.mp3,460635,28.760816,128000,44100,1,mp3
DT-502-MANAGE-NOT-ELIMINATE,matched_imported,Distress Tolerance,"Managing distress, not eliminating it",DT-502-MANAGE-NOT-ELIMINATE.mp3,DT-502-MANAGE-NOT-ELIMINATE.mp3,audio/v5/distress_tolerance/dt_502_manage_not_eliminate.m4a,audio/narration/DT-502-MANAGE-NOT-ELIMINATE.mp3,489892,30.589388,128000,44100,1,mp3
DT-503-PANIC-LOOP,matched_imported,Distress Tolerance,Why panic makes tinnitus feel bigger,DT-503-PANIC-LOOP.mp3,DT-503-PANIC-LOOP.mp3,audio/v5/distress_tolerance/dt_503_panic_loop.m4a,audio/narration/DT-503-PANIC-LOOP.mp3,453111,28.290612,128000,44100,1,mp3
DT-504-FLUCTUATION,matched_imported,Distress Tolerance,"Use the word fluctuation, not spike",DT-504-FLUCTUATION.mp3,DT-504-FLUCTUATION.mp3,audio/v5/distress_tolerance/dt_504_fluctuation.m4a,audio/narration/DT-504-FLUCTUATION.mp3,520821,32.522449,128000,44100,1,mp3
DT-505-SAFETY-VALVE,matched_imported,Distress Tolerance,Distress tolerance is a short-term safety valve,DT-505-SAFETY-VALVE.mp3,DT-505-SAFETY-VALVE.mp3,audio/v5/distress_tolerance/dt_505_safety_valve.m4a,audio/narration/DT-505-SAFETY-VALVE.mp3,410479,25.626122,128000,44100,1,mp3
DT-506-SAFETY-BOUNDARY,manifest_missing_from_full_render_existing_resource,Distress Tolerance,When distress becomes a safety concern,,,audio/narration/DT-506-SAFETY-BOUNDARY.mp3,audio/narration/DT-506-SAFETY-BOUNDARY.mp3,428452,26.749388,128000,44100,1,mp3
DT-507-TERMS-OVERVIEW,matched_imported,Distress Tolerance,Important terms,DT-507-TERMS-OVERVIEW.mp3,DT-507-TERMS-OVERVIEW.mp3,audio/v5/distress_tolerance/dt_507_terms_overview.m4a,audio/narration/DT-507-TERMS-OVERVIEW.mp3,461888,28.839184,128000,44100,1,mp3
DT-508-STOP-TERM,matched_imported,Distress Tolerance,STOP: pause before reacting,DT-508-STOP-TERM.mp3,DT-508-STOP-TERM.mp3,audio/v5/distress_tolerance/dt_508_stop_term.m4a,audio/narration/DT-508-STOP-TERM.mp3,432631,27.010612,128000,44100,1,mp3
DT-509-TIPP-TERM,manifest_missing_from_full_render_existing_resource,Distress Tolerance,TIPP: use the body to calm the mind,,,audio/narration/DT-509-TIPP-TERM.mp3,audio/narration/DT-509-TIPP-TERM.mp3,446424,27.872653,128000,44100,1,mp3
DT-510-PRACTICE-EARLY,matched_imported,Distress Tolerance,Practice before the tornado,DT-510-PRACTICE-EARLY.mp3,DT-510-PRACTICE-EARLY.mp3,audio/v5/distress_tolerance/dt_510_practice_early.m4a,audio/narration/DT-510-PRACTICE-EARLY.mp3,405464,25.312653,128000,44100,1,mp3
DT-511-HANDLE-THIS-MOMENT,matched_imported,Distress Tolerance,From “fix this now” to “I can handle this moment”,DT-511-HANDLE-THIS-MOMENT.mp3,DT-511-HANDLE-THIS-MOMENT.mp3,audio/v5/distress_tolerance/dt_511_handle_this_moment.m4a,audio/narration/DT-511-HANDLE-THIS-MOMENT.mp3,519567,32.444082,128000,44100,1,mp3
DT-512-ICE-CUBE,manifest_missing_from_full_render_existing_resource,Distress Tolerance,Mini-exercise: Grab an ice cube,,,audio/narration/DT-512-ICE-CUBE.mp3,audio/narration/DT-512-ICE-CUBE.mp3,428452,26.749388,128000,44100,1,mp3
DT-513-FROZEN-ORANGE,matched_imported,Distress Tolerance,Another sensory option: frozen orange grounding,DT-513-FROZEN-ORANGE.mp3,DT-513-FROZEN-ORANGE.mp3,audio/v5/distress_tolerance/dt_513_frozen_orange.m4a,audio/narration/DT-513-FROZEN-ORANGE.mp3,511626,31.947755,128000,44100,1,mp3
DT-514-STOP-EXERCISE-INTRO,matched_imported,Distress Tolerance,Exercise: Take a pause before reacting,DT-514-STOP-EXERCISE-INTRO.mp3,DT-514-STOP-EXERCISE-INTRO.mp3,audio/v5/distress_tolerance/dt_514_stop_exercise_intro.m4a,audio/narration/DT-514-STOP-EXERCISE-INTRO.mp3,372445,23.248980,128000,44100,1,mp3
DT-515-STOP-STEPS,matched_imported,Distress Tolerance,STOP steps,DT-515-STOP-STEPS.mp3,DT-515-STOP-STEPS.mp3,audio/v5/distress_tolerance/dt_515_stop_steps.m4a,audio/narration/DT-515-STOP-STEPS.mp3,488638,30.511020,128000,44100,1,mp3
DT-516-TIPP-EXERCISE-INTRO,matched_imported,Distress Tolerance,Exercise: Use your body to calm your mind,DT-516-TIPP-EXERCISE-INTRO.mp3,DT-516-TIPP-EXERCISE-INTRO.mp3,audio/v5/distress_tolerance/dt_516_tipp_exercise_intro.m4a,audio/narration/DT-516-TIPP-EXERCISE-INTRO.mp3,345278,21.551020,128000,44100,1,mp3
DT-517-TIPP-TEMPERATURE,matched_imported,Distress Tolerance,TIPP: Temperature,DT-517-TIPP-TEMPERATURE.mp3,DT-517-TIPP-TEMPERATURE.mp3,audio/v5/distress_tolerance/dt_517_tipp_temperature.m4a,audio/narration/DT-517-TIPP-TEMPERATURE.mp3,373699,23.327347,128000,44100,1,mp3
DT-518-TIPP-MOVEMENT,matched_imported,Distress Tolerance,"TIPP: Intense movement, when appropriate",DT-518-TIPP-MOVEMENT.mp3,DT-518-TIPP-MOVEMENT.mp3,audio/v5/distress_tolerance/dt_518_tipp_movement.m4a,audio/narration/DT-518-TIPP-MOVEMENT.mp3,396687,24.764082,128000,44100,1,mp3
DT-519-TIPP-BREATHING,matched_imported,Distress Tolerance,TIPP: Paced breathing,DT-519-TIPP-BREATHING.mp3,DT-519-TIPP-BREATHING.mp3,audio/v5/distress_tolerance/dt_519_tipp_breathing.m4a,audio/narration/DT-519-TIPP-BREATHING.mp3,368266,22.987755,128000,44100,1,mp3
DT-520-TIPP-MUSCLE,matched_imported,Distress Tolerance,TIPP: Paired muscle relaxation,DT-520-TIPP-MUSCLE.mp3,DT-520-TIPP-MUSCLE.mp3,audio/v5/distress_tolerance/dt_520_tipp_muscle.m4a,audio/narration/DT-520-TIPP-MUSCLE.mp3,335247,20.924082,128000,44100,1,mp3
DT-521-BIGGER-PICTURE,matched_imported,Distress Tolerance,How distress tolerance connects to the bigger picture,DT-521-BIGGER-PICTURE.mp3,DT-521-BIGGER-PICTURE.mp3,audio/v5/distress_tolerance/dt_521_bigger_picture.m4a,audio/narration/DT-521-BIGGER-PICTURE.mp3,474845,29.648980,128000,44100,1,mp3
DT-522-FAQ-LOUDNESS,matched_imported,Distress Tolerance,FAQ: Will these skills make tinnitus quieter?,DT-522-FAQ-LOUDNESS.mp3,DT-522-FAQ-LOUDNESS.mp3,audio/v5/distress_tolerance/dt_522_faq_loudness.m4a,audio/narration/DT-522-FAQ-LOUDNESS.mp3,278822,17.397551,128000,44100,1,mp3
DT-523-FAQ-FORGET,matched_imported,Distress Tolerance,FAQ: What if I forget the skills when I am upset?,DT-523-FAQ-FORGET.mp3,DT-523-FAQ-FORGET.mp3,audio/v5/distress_tolerance/dt_523_faq_forget.m4a,audio/narration/DT-523-FAQ-FORGET.mp3,373699,23.327347,128000,44100,1,mp3
DT-524-FAQ-AVOIDANCE,matched_imported,Distress Tolerance,FAQ: Is this just avoidance?,DT-524-FAQ-AVOIDANCE.mp3,DT-524-FAQ-AVOIDANCE.mp3,audio/v5/distress_tolerance/dt_524_faq_avoidance.m4a,audio/narration/DT-524-FAQ-AVOIDANCE.mp3,346532,21.629388,128000,44100,1,mp3
DT-525-MAIN-POINTS,matched_imported,Distress Tolerance,Main points,DT-525-MAIN-POINTS.mp3,DT-525-MAIN-POINTS.mp3,audio/v5/distress_tolerance/dt_525_main_points.m4a,audio/narration/DT-525-MAIN-POINTS.mp3,482368,30.119184,128000,44100,1,mp3
DT-526-DISTRESS-PLAN,matched_imported,Distress Tolerance,Your distress tolerance plan,DT-526-DISTRESS-PLAN.mp3,DT-526-DISTRESS-PLAN.mp3,audio/v5/distress_tolerance/dt_526_distress_plan.m4a,audio/narration/DT-526-DISTRESS-PLAN.mp3,410479,25.626122,128000,44100,1,mp3
DT-527-BODY-SAFETY,matched_imported,Distress Tolerance,Use safe options for your body and situation,DT-527-BODY-SAFETY.mp3,DT-527-BODY-SAFETY.mp3,audio/v5/distress_tolerance/dt_527_body_safety.m4a,audio/narration/DT-527-BODY-SAFETY.mp3,391671,24.450612,128000,44100,1,mp3
SLP-AUD-001,matched_imported,Sleep,Sleep and tinnitus can affect each other,SLP-AUD-001.mp3,SLP-AUD-001.mp3,audio/v5/sleep/slp_aud_001.m4a,audio/narration/SLP-AUD-001.mp3,443916,27.715918,128000,44100,1,mp3
SLP-AUD-002,matched_imported,Sleep,What you will learn in this section,SLP-AUD-002.mp3,SLP-AUD-002.mp3,audio/v5/sleep/slp_aud_002.m4a,audio/narration/SLP-AUD-002.mp3,386238,24.111020,128000,44100,1,mp3
SLP-AUD-003,matched_imported,Sleep,Why sleep belongs in tinnitus management,SLP-AUD-003.mp3,SLP-AUD-003.mp3,audio/v5/sleep/slp_aud_003.m4a,audio/narration/SLP-AUD-003.mp3,379968,23.719184,128000,44100,1,mp3
SLP-AUD-004,manifest_missing_from_full_render_existing_resource,Sleep,The sleep-tinnitus loop,,,audio/narration/SLP-AUD-004.mp3,audio/narration/SLP-AUD-004.mp3,365758,22.831020,128000,44100,1,mp3
SLP-AUD-005,matched_imported,Sleep,Why quiet nights can feel harder,SLP-AUD-005.mp3,SLP-AUD-005.mp3,audio/v5/sleep/slp_aud_005.m4a,audio/narration/SLP-AUD-005.mp3,367012,22.909388,128000,44100,1,mp3
SLP-AUD-006,matched_imported,Sleep,Why trying harder to sleep can backfire,SLP-AUD-006.mp3,SLP-AUD-006.mp3,audio/v5/sleep/slp_aud_006.m4a,audio/narration/SLP-AUD-006.mp3,340262,21.237551,128000,44100,1,mp3
SLP-AUD-007,matched_imported,Sleep,Sleep drive: your body’s pressure for sleep,SLP-AUD-007.mp3,SLP-AUD-007.mp3,audio/v5/sleep/slp_aud_007.m4a,audio/narration/SLP-AUD-007.mp3,318528,19.879184,128000,44100,1,mp3
SLP-AUD-008,matched_imported,Sleep,When the bed becomes a place for frustration,SLP-AUD-008.mp3,SLP-AUD-008.mp3,audio/v5/sleep/slp_aud_008.m4a,audio/narration/SLP-AUD-008.mp3,317275,19.800816,128000,44100,1,mp3
SLP-AUD-009,matched_imported,Sleep,"Stimulus control, explained carefully",SLP-AUD-009.mp3,SLP-AUD-009.mp3,audio/v5/sleep/slp_aud_009.m4a,audio/narration/SLP-AUD-009.mp3,376207,23.484082,128000,44100,1,mp3
SLP-AUD-010,matched_imported,Sleep,Sleep thoughts can raise the alarm,SLP-AUD-010.mp3,SLP-AUD-010.mp3,audio/v5/sleep/slp_aud_010.m4a,audio/narration/SLP-AUD-010.mp3,342770,21.394286,128000,44100,1,mp3
SLP-AUD-011,matched_imported,Sleep,Common sleep myths,SLP-AUD-011.mp3,SLP-AUD-011.mp3,audio/v5/sleep/slp_aud_011.m4a,audio/narration/SLP-AUD-011.mp3,355727,22.204082,128000,44100,1,mp3
SLP-AUD-012,matched_imported,Sleep,Sleep myth examples,SLP-AUD-012.mp3,SLP-AUD-012.mp3,audio/v5/sleep/slp_aud_012.m4a,audio/narration/SLP-AUD-012.mp3,417167,26.044082,128000,44100,1,mp3
SLP-AUD-013,matched_imported,Sleep,Using sound at night,SLP-AUD-013.mp3,SLP-AUD-013.mp3,audio/v5/sleep/slp_aud_013.m4a,audio/narration/SLP-AUD-013.mp3,371191,23.170612,128000,44100,1,mp3
SLP-AUD-014,matched_imported,Sleep,"Sleep hygiene is helpful, but it is not the whole answer",SLP-AUD-014.mp3,SLP-AUD-014.mp3,audio/v5/sleep/slp_aud_014.m4a,audio/narration/SLP-AUD-014.mp3,413405,25.808980,128000,44100,1,mp3
SLP-AUD-015,matched_imported,Sleep,A consistent schedule,SLP-AUD-015.mp3,SLP-AUD-015.mp3,audio/v5/sleep/slp_aud_015.m4a,audio/narration/SLP-AUD-015.mp3,295541,18.442449,128000,44100,1,mp3
SLP-AUD-016,matched_imported,Sleep,A wind-down routine,SLP-AUD-016.mp3,SLP-AUD-016.mp3,audio/v5/sleep/slp_aud_016.m4a,audio/narration/SLP-AUD-016.mp3,355727,22.204082,128000,44100,1,mp3
SLP-AUD-017,matched_imported,Sleep,The sleep environment,SLP-AUD-017.mp3,SLP-AUD-017.mp3,audio/v5/sleep/slp_aud_017.m4a,audio/narration/SLP-AUD-017.mp3,361996,22.595918,128000,44100,1,mp3
SLP-AUD-018,matched_imported,Sleep,"Stimulants, food, alcohol, and activity",SLP-AUD-018.mp3,SLP-AUD-018.mp3,audio/v5/sleep/slp_aud_018.m4a,audio/narration/SLP-AUD-018.mp3,369519,23.066122,128000,44100,1,mp3
SLP-AUD-019,matched_imported,Sleep,Managing stress before bed,SLP-AUD-019.mp3,SLP-AUD-019.mp3,audio/v5/sleep/slp_aud_019.m4a,audio/narration/SLP-AUD-019.mp3,337755,21.080816,128000,44100,1,mp3
SLP-AUD-020,matched_imported,Sleep,Important terms,SLP-AUD-020.mp3,SLP-AUD-020.mp3,audio/v5/sleep/slp_aud_020.m4a,audio/narration/SLP-AUD-020.mp3,351965,21.968980,128000,44100,1,mp3
SLP-AUD-021,matched_imported,Sleep,Putting sleep strategies into practice,SLP-AUD-021.mp3,SLP-AUD-021.mp3,audio/v5/sleep/slp_aud_021.m4a,audio/narration/SLP-AUD-021.mp3,337755,21.080816,128000,44100,1,mp3
SLP-AUD-022,manifest_missing_from_full_render_existing_resource,Sleep,CBT-I and brief behavioral sleep care,,,audio/narration/SLP-AUD-022.mp3,audio/narration/SLP-AUD-022.mp3,491146,30.667755,128000,44100,1,mp3
SLP-AUD-023,matched_imported,Sleep,When sleep deserves professional help,SLP-AUD-023.mp3,SLP-AUD-023.mp3,audio/v5/sleep/slp_aud_023.m4a,audio/narration/SLP-AUD-023.mp3,424690,26.514286,128000,44100,1,mp3
SLP-AUD-024,matched_imported,Sleep,How sleep connects to the bigger picture,SLP-AUD-024.mp3,SLP-AUD-024.mp3,audio/v5/sleep/slp_aud_024.m4a,audio/narration/SLP-AUD-024.mp3,359488,22.439184,128000,44100,1,mp3
SLP-AUD-025,matched_imported,Sleep,FAQ: Should I stay in bed and force sleep?,SLP-AUD-025.mp3,SLP-AUD-025.mp3,audio/v5/sleep/slp_aud_025.m4a,audio/narration/SLP-AUD-025.mp3,276315,17.240816,128000,44100,1,mp3
SLP-AUD-026,matched_imported,Sleep,FAQ: Why am I still awake if I already use sleep hygiene?,SLP-AUD-026.mp3,SLP-AUD-026.mp3,audio/v5/sleep/slp_aud_026.m4a,audio/narration/SLP-AUD-026.mp3,244132,15.229388,128000,44100,1,mp3
SLP-AUD-027,matched_imported,Sleep,FAQ: Can I use TV or my phone to mask tinnitus?,SLP-AUD-027.mp3,SLP-AUD-027.mp3,audio/v5/sleep/slp_aud_027.m4a,audio/narration/SLP-AUD-027.mp3,306826,19.147755,128000,44100,1,mp3
SLP-AUD-028,matched_imported,Sleep,Practice: Challenge a negative sleep thought,SLP-AUD-028.mp3,SLP-AUD-028.mp3,audio/v5/sleep/slp_aud_028.m4a,audio/narration/SLP-AUD-028.mp3,339008,21.159184,128000,44100,1,mp3
SLP-AUD-029,matched_imported,Sleep,Practice: Build a bedtime sound plan,SLP-AUD-029.mp3,SLP-AUD-029.mp3,audio/v5/sleep/slp_aud_029.m4a,audio/narration/SLP-AUD-029.mp3,290525,18.128980,128000,44100,1,mp3
SLP-AUD-030,manifest_missing_from_full_render_no_resource,Sleep,Practice: Stimulus control plan,,,audio/v5/sleep/slp_aud_030.m4a,audio/v5/sleep/slp_aud_030.m4a,,,,,,
SLP-AUD-031,matched_imported,Sleep,Main points,SLP-AUD-031.mp3,SLP-AUD-031.mp3,audio/v5/sleep/slp_aud_031.m4a,audio/narration/SLP-AUD-031.mp3,405464,25.312653,128000,44100,1,mp3
SLP-AUD-032,matched_imported,Sleep,Your sleep support plan,SLP-AUD-032.mp3,SLP-AUD-032.mp3,audio/v5/sleep/slp_aud_032.m4a,audio/narration/SLP-AUD-032.mp3,287599,17.946122,128000,44100,1,mp3
SLP-AUD-033,matched_imported,Sleep,Sleep scope and safety,SLP-AUD-033.mp3,SLP-AUD-033.mp3,audio/v5/sleep/slp_aud_033.m4a,audio/narration/SLP-AUD-033.mp3,365758,22.831020,128000,44100,1,mp3
ST-V5-001,matched_imported,Sound Therapy,Using helpful sounds to manage tinnitus,ST-V5-001.mp3,ST-V5-001.mp3,audio/v5/sound_therapy/st_v5_001.m4a,audio/narration/ST-V5-001.mp3,644955,40.280816,128000,44100,1,mp3
ST-V5-002,matched_imported,Sound Therapy,What you will learn in this section,ST-V5-002.mp3,ST-V5-002.mp3,audio/v5/sound_therapy/st_v5_002.m4a,audio/narration/ST-V5-002.mp3,552586,34.507755,128000,44100,1,mp3
ST-V5-003,matched_imported,Sound Therapy,Why sound therapy helps,ST-V5-003.mp3,ST-V5-003.mp3,audio/v5/sound_therapy/st_v5_003.m4a,audio/narration/ST-V5-003.mp3,564288,35.239184,128000,44100,1,mp3
ST-V5-004,matched_imported,Sound Therapy,What sound therapy is,ST-V5-004.mp3,ST-V5-004.mp3,audio/v5/sound_therapy/st_v5_004.m4a,audio/narration/ST-V5-004.mp3,606502,37.877551,128000,44100,1,mp3
ST-V5-005,matched_imported,Sound Therapy,A restaurant example,ST-V5-005.mp3,ST-V5-005.mp3,audio/v5/sound_therapy/st_v5_005.m4a,audio/narration/ST-V5-005.mp3,565542,35.317551,128000,44100,1,mp3
ST-V5-006,matched_imported,Sound Therapy,Why silence can make tinnitus feel louder,ST-V5-006.mp3,ST-V5-006.mp3,audio/v5/sound_therapy/st_v5_006.m4a,audio/narration/ST-V5-006.mp3,578499,36.127347,128000,44100,1,mp3
ST-V5-007,manifest_missing_from_full_render_existing_resource,Sound Therapy,Masking is not the same as sound therapy,,,audio/narration/ST-V5-007.mp3,audio/narration/ST-V5-007.mp3,654986,40.907755,128000,44100,1,mp3
ST-V5-008,matched_imported,Sound Therapy,Short-term relief and long-term adaptation,ST-V5-008.mp3,ST-V5-008.mp3,audio/v5/sound_therapy/st_v5_008.m4a,audio/narration/ST-V5-008.mp3,592292,36.989388,128000,44100,1,mp3
ST-V5-009,manifest_missing_from_full_render_existing_resource,Sound Therapy,Finding the sound therapy sweet spot,,,audio/narration/ST-V5-009.mp3,audio/narration/ST-V5-009.mp3,547570,34.194286,128000,44100,1,mp3
ST-V5-010,matched_imported,Sound Therapy,The three volume zones,ST-V5-010.mp3,ST-V5-010.mp3,audio/v5/sound_therapy/st_v5_010.m4a,audio/narration/ST-V5-010.mp3,448932,28.029388,128000,44100,1,mp3
ST-V5-011,matched_imported,Sound Therapy,Important terms,ST-V5-011.mp3,ST-V5-011.mp3,audio/v5/sound_therapy/st_v5_011.m4a,audio/narration/ST-V5-011.mp3,520821,32.522449,128000,44100,1,mp3
ST-V5-012,matched_imported,Sound Therapy,Choosing sounds,ST-V5-012.mp3,ST-V5-012.mp3,audio/v5/sound_therapy/st_v5_012.m4a,audio/narration/ST-V5-012.mp3,592292,36.989388,128000,44100,1,mp3
ST-V5-013,matched_imported,Sound Therapy,Choosing devices and sound sources,ST-V5-013.mp3,ST-V5-013.mp3,audio/v5/sound_therapy/st_v5_013.m4a,audio/narration/ST-V5-013.mp3,579753,36.205714,128000,44100,1,mp3
ST-V5-014,matched_imported,Sound Therapy,How to set the volume,ST-V5-014.mp3,ST-V5-014.mp3,audio/v5/sound_therapy/st_v5_014.m4a,audio/narration/ST-V5-014.mp3,558019,34.847347,128000,44100,1,mp3
ST-V5-015,matched_imported,Sound Therapy,Using sound therapy during the day,ST-V5-015.mp3,ST-V5-015.mp3,audio/v5/sound_therapy/st_v5_015.m4a,audio/narration/ST-V5-015.mp3,487384,30.432653,128000,44100,1,mp3
ST-V5-016,matched_imported,Sound Therapy,Using sound at night,ST-V5-016.mp3,ST-V5-016.mp3,audio/v5/sound_therapy/st_v5_016.m4a,audio/narration/ST-V5-016.mp3,548824,34.272653,128000,44100,1,mp3
ST-V5-017,matched_imported,Sound Therapy,How sound therapy supports the rest of the app,ST-V5-017.mp3,ST-V5-017.mp3,audio/v5/sound_therapy/st_v5_017.m4a,audio/narration/ST-V5-017.mp3,538793,33.645714,128000,44100,1,mp3
ST-V5-018,manifest_missing_from_full_render_existing_resource,Sound Therapy,If sound feels sensitive,,,audio/narration/ST-V5-018.mp3,audio/narration/ST-V5-018.mp3,637431,39.810612,128000,44100,1,mp3
ST-V5-019,matched_imported,Sound Therapy,Enjoyable music speaker practice,ST-V5-019.mp3,ST-V5-019.mp3,audio/v5/sound_therapy/st_v5_019.m4a,audio/narration/ST-V5-019.mp3,577245,36.048980,128000,44100,1,mp3
ST-V5-020,matched_imported,Sound Therapy,FAQ: How loud should sound therapy be?,ST-V5-020.mp3,ST-V5-020.mp3,audio/v5/sound_therapy/st_v5_020.m4a,audio/narration/ST-V5-020.mp3,451439,28.186122,128000,44100,1,mp3
ST-V5-021,matched_imported,Sound Therapy,FAQ: Does the type of sound matter?,ST-V5-021.mp3,ST-V5-021.mp3,audio/v5/sound_therapy/st_v5_021.m4a,audio/narration/ST-V5-021.mp3,399195,24.920816,128000,44100,1,mp3
ST-V5-022,matched_imported,Sound Therapy,FAQ: Will sound therapy get rid of tinnitus?,ST-V5-022.mp3,ST-V5-022.mp3,audio/v5/sound_therapy/st_v5_022.m4a,audio/narration/ST-V5-022.mp3,422182,26.357551,128000,44100,1,mp3
ST-V5-023,matched_imported,Sound Therapy,FAQ: When should I use sound therapy?,ST-V5-023.mp3,ST-V5-023.mp3,audio/v5/sound_therapy/st_v5_023.m4a,audio/narration/ST-V5-023.mp3,406718,25.391020,128000,44100,1,mp3
ST-V5-024,matched_imported,Sound Therapy,Main points to remember,ST-V5-024.mp3,ST-V5-024.mp3,audio/v5/sound_therapy/st_v5_024.m4a,audio/narration/ST-V5-024.mp3,482368,30.119184,128000,44100,1,mp3
ST-V5-025,matched_imported,Sound Therapy,Before you move on,ST-V5-025.mp3,ST-V5-025.mp3,audio/v5/sound_therapy/st_v5_025.m4a,audio/narration/ST-V5-025.mp3,469412,29.309388,128000,44100,1,mp3
ST-V5-026,matched_imported,Sound Therapy,Sound safety and when to seek help,ST-V5-026.mp3,ST-V5-026.mp3,audio/v5/sound_therapy/st_v5_026.m4a,audio/narration/ST-V5-026.mp3,669196,41.795918,128000,44100,1,mp3
