Production Order,Audio ID,Source ID,Module,Screen ID(s),Topic,Audio Type,Target Length,Target Max Seconds,Estimated TTS Seconds @145wpm,Length Check,Final Asset Path,Script / Transcript,Transcript Required,Transcript Display,Playback Context,Embedded for MVP,Source Status,Production Status,Recording Priority,TTS Pass Status,Audio QA Status,Final Asset Status,Notes
1,AUD-SYS-001,AUD-SYS-001,About Tinnitus,SYS-001,First-launch Start Here Prompt,Short explainer / exercise,15-90 sec,90,13,OK / check in TTS,audio/about_tinnitus/sys_001_aud_sys_001.m4a,This app works best if you begin with the short About Tinnitus section. It explains why tinnitus management is bigger than sound therapy and how to use the rest of the app.,Yes,Collapsed by default; Play and Transcript buttons are separate.,Page narration / practice; global mini-player controls active while audio plays.,Yes,V10 approved edited script,Ready for TTS,Record / generate,Not generated,Not checked,Placeholder path; file not yet supplied,Good | Promoted during closure pass.
2,AUD-000-OV,AUD-000-OV,About Tinnitus,AT-001,Start Here,Chapter overview,60-90 sec,90,21,OK / check in TTS,audio/about_tinnitus/p_000_aud_000_ov_start_here.m4a,"Welcome to the MPTinnitus app. The goal is not to promise a cure or tell you there is only one right way to manage tinnitus. The goal is to help you understand what is happening, try practical skills, and build a plan that makes the sound less dominant in your life.",Yes,Collapsed by default; Play and Transcript buttons are separate.,Page narration / practice; global mini-player controls active while audio plays.,Yes,V10 approved edited script,Ready for TTS,Record / generate,Not generated,Not checked,Placeholder path; file not yet supplied,Adjusted for app name.  
3,AUD-001-S,AUD-001-S,About Tinnitus,AT-002,Scope and Safety,Short explainer,15-30 sec,30,12,OK / check in TTS,audio/about_tinnitus/p_001_aud_001_s_scope_and_safety.m4a,"This app is educational. It can help you learn and practice self-management skills, but it does not replace medical care, audiology, therapy, or sleep care when needed.",Yes,Collapsed by default; Play and Transcript buttons are separate.,Page narration / practice; global mini-player controls active while audio plays.,Yes,V10 approved edited script,Ready for TTS,Record / generate,Not generated,Not checked,Placeholder path; file not yet supplied,Slight adjustment
4,AUD-002-S,AUD-002-S,About Tinnitus,AT-002,Privacy / Local Only,Short explainer,15-30 sec,30,9,OK / check in TTS,audio/about_tinnitus/p_002_aud_002_s_privacy_local_only.m4a,"Your preferences, journal entries, and exercise responses are meant to stay on this device. This is meant to maintain your privacy.  ",Yes,Collapsed by default; Play and Transcript buttons are separate.,Page narration / practice; global mini-player controls active while audio plays.,Yes,V10 approved edited script,Ready for TTS,Record / generate,Not generated,Not checked,Placeholder path; file not yet supplied,Removed a lot of unneeded information.  
5,AUD-003-OV,AUD-003-OV,About Tinnitus,AT-003,Body / Mind / Life Model,Chapter overview,60-90 sec,90,19,OK / check in TTS,audio/about_tinnitus/p_003_aud_003_ov_body_mind_life_model.m4a,"Tinnitus often starts with sound, but the experience is shaped by more than sound. Hearing, stress, attention, sleep, thoughts, and social situations can all change how tinnitus feels. That is why this app looks at tinnitus from multiple angles instead of relying on one single tool.",Yes,Collapsed by default; Play and Transcript buttons are separate.,Page narration / practice; global mini-player controls active while audio plays.,Yes,V10 approved edited script,Ready for TTS,Record / generate,Not generated,Not checked,Placeholder path; file not yet supplied,Good | V10 topic/asset renamed to Body / Mind / Life.
6,AUD-AT-SS-001,AUD-AT-SS-001,About Tinnitus,AT-003,Sound Sensitivity and Tinnitus,Short explainer / exercise,15-90 sec,90,16,OK / check in TTS,audio/about_tinnitus/at_ss_001_aud_at_ss_001.m4a,"Sound sensitivity often travels with tinnitus. If one improves, that can give useful momentum for the other. The goal is not to force sound, but to use comfortable, controlled sound and good skills to help the system feel safer.",Yes,Collapsed by default; Play and Transcript buttons are separate.,Page narration / practice; global mini-player controls active while audio plays.,Yes,V10 approved edited script,Ready for TTS,Record / generate,Not generated,Not checked,Placeholder path; file not yet supplied,Good | Promoted during closure pass.
7,AUD-004-G,AUD-004-G,About Tinnitus,AT-004,Body / Mind / Life Exploration,Exercise walkthrough,60-90 sec,90,20,OK / check in TTS,audio/about_tinnitus/p_004_aud_004_g_body_mind_life_exploration.m4a,"Take a moment to look at the Body, Mind, and Life parts of your tinnitus experience. You do not need a perfect answer. A few words are enough. The purpose is to see the whole picture, so you can decide which tools may be most useful right now.",Yes,Collapsed by default; Play and Transcript buttons are separate.,Page narration / practice; global mini-player controls active while audio plays.,Yes,V10 approved edited script,Ready for TTS,Record / generate,Not generated,Not checked,Placeholder path; file not yet supplied,"Good, but may change Body, Mind, and Life to our terms for it, Body / Mind / Life model | V10 wording updated to Body / Mind / Life."
8,NEW-AUD-AT-MODULES-001,NEW-AUD-AT-MODULES-001,About Tinnitus,AT-005,Module overview / interest selection,Short explainer,15-30 sec,30,21,OK / check in TTS,audio/about_tinnitus/at_modules_001_module_overview.m4a,"You can explore this app in any order. Each section gives you a different way to understand tinnitus and practice useful skills. Tap a card to learn more, and check the topics that feel most useful right now. Those choices stay on your device and can help highlight where to start.",Yes,Collapsed by default; Play and Transcript buttons are separate.,Page narration / practice; global mini-player controls active while audio plays.,Yes,Approved gap script,Ready for TTS,Record / generate,Not generated,Not checked,Placeholder path; file not yet supplied,Approved during asset-gap closure; final natural-phrasing edits allowed during TTS.
9,AUD-100-OV,AUD-100-OV,Sound Therapy,ST-001,Sound Therapy,Chapter overview,60-90 sec,90,18,OK / check in TTS,audio/sound_therapy/p_100_aud_100_ov_sound_therapy.m4a,"Sound therapy means using comfortable, neutral sound to make tinnitus less dominant in your environment. The goal is not to cover up your tinnitus. The goal is to give your brain other sound to work with so tinnitus can gradually become less important.",Yes,Collapsed by default; Play and Transcript buttons are separate.,Page narration / practice; global mini-player controls active while audio plays.,Yes,V10 approved edited script,Ready for TTS,Record / generate,Not generated,Not checked,Placeholder path; file not yet supplied,Changed ‘blast away’ to cover up.  
10,AUD-101-S,AUD-101-S,Sound Therapy,ST-001,What is Sound Therapy?,Short explainer,15-30 sec,30,12,OK / check in TTS,audio/sound_therapy/p_101_aud_101_s_what_is_sound_therapy.m4a,"Think of sound therapy as a helpful backdrop for your ears. A fan, rain sound, white noise, or another calm sound can reduce the contrast between silence and tinnitus.",Yes,Collapsed by default; Play and Transcript buttons are separate.,Page narration / practice; global mini-player controls active while audio plays.,Yes,V10 approved edited script,Ready for TTS,Record / generate,Not generated,Not checked,Placeholder path; file not yet supplied,Adjusted a bit
11,AUD-102-S,AUD-102-S,Sound Therapy,ST-001,Why Sound Helps,Short explainer,15-30 sec,30,12,OK / check in TTS,audio/sound_therapy/p_102_aud_102_s_why_sound_helps.m4a,"Tinnitus often stands out most in quiet. Adding soft sound should not erase tinnitus, but it can make the sound less isolated and less demanding of your attention.",Yes,Collapsed by default; Play and Transcript buttons are separate.,Page narration / practice; global mini-player controls active while audio plays.,Yes,V10 approved edited script,Ready for TTS,Record / generate,Not generated,Not checked,Placeholder path; file not yet supplied,Slight adjustment
12,AUD-105-S,AUD-105-S,Sound Therapy,"ST-001, ST-003",Choosing Sounds,Short explainer,15-30 sec,30,14,OK / check in TTS,audio/sound_therapy/p_105_aud_105_s_choosing_sounds.m4a,"There is no perfect sound for everyone. Some people like rain, some like crickets, some like a fan, and some prefer a steady noise. The best sound is one you can comfortably use over time.",Yes,Collapsed by default; Play and Transcript buttons are separate.,Page narration / practice; global mini-player controls active while audio plays.,Yes,V10 approved edited script,Ready for TTS,Record / generate,Not generated,Not checked,Placeholder path; file not yet supplied,Great! | Also placed on screen ST-003
13,AUD-103-S,AUD-103-S,Sound Therapy,ST-002,Masking vs Habituation,Short explainer,15-30 sec,30,24,OK / check in TTS,audio/sound_therapy/p_103_aud_103_s_masking_vs_habituation.m4a,"Fully covering tinnitus can feel useful in a moment, but if the goal is to cover it up all day, the brain has less opportunity to adapt. Sound therapy is different: we keep the sound comfortable and present while still allowing some awareness of tinnitus, so the brain can learn that tinnitus does not need to dominate.",Yes,Collapsed by default; Play and Transcript buttons are separate.,Page narration / practice; global mini-player controls active while audio plays.,Yes,V10 approved edited script,Needs final polish before TTS,Polish first,Not generated,Not checked,Placeholder path; file not yet supplied,Redid this.  Still may need some polish.   | V10 polish applied to fix wording and clarify masking vs sound therapy. | Locked note: final polish pass after screen context.
14,AUD-104-G,AUD-104-G,Sound Therapy,ST-004,Sound Therapy Thermometer,Exercise walkthrough,60-90 sec,90,22,OK / check in TTS,audio/sound_therapy/p_104_aud_104_g_sound_therapy_thermometer.m4a,"Start with the sound low and slowly bring it up. If you cannot hear the sound therapy at all, it is too low. If you cannot hear tinnitus at all, it may be more volume than you need. The middle zone is where you can hear both, and neither one is taking over.",Yes,Collapsed by default; Play and Transcript buttons are separate.,Page narration / practice; global mini-player controls active while audio plays.,Yes,V10 approved edited script,Ready for TTS,Record / generate,Not generated,Not checked,Placeholder path; file not yet supplied,Slight adjustment
15,AUD-ST-HH-001,AUD-ST-HH-001,Sound Therapy,ST-005,Hearing Care and Amplification,Short explainer / exercise,15-90 sec,90,15,OK / check in TTS,audio/sound_therapy/st_hh_001_aud_st_hh_001.m4a,"If you have hearing loss, hearing care is one of the most important places to start. Hearing aids can act as a very customized form of sound therapy by restoring sounds your brain has been missing.",Yes,Collapsed by default; Play and Transcript buttons are separate.,Page narration / practice; global mini-player controls active while audio plays.,Yes,V10 approved edited script,Ready for TTS,Record / generate,Not generated,Not checked,Placeholder path; file not yet supplied,Good. | Promoted during closure pass.
16,AUD-ST-SS-001,AUD-ST-SS-001,Sound Therapy,ST-006,Sound Therapy for Sound Sensitivity,Short explainer / exercise,15-90 sec,90,16,OK / check in TTS,audio/sound_therapy/st_ss_001_aud_st_ss_001.m4a,"For people with sound sensitivity, using sound may seem strange at first. The same basic principle still applies: comfortable sound, presented under your control, can help the auditory system and the alarm system become less reactive over time.",Yes,Collapsed by default; Play and Transcript buttons are separate.,Page narration / practice; global mini-player controls active while audio plays.,Yes,V10 approved edited script,Ready for TTS,Record / generate,Not generated,Not checked,Placeholder path; file not yet supplied,Good | Promoted during closure pass.
17,AUD-ST-SS-002,AUD-ST-SS-002,Sound Therapy,ST-007,Enjoyable Music Speaker Exercise,Short explainer / exercise,15-90 sec,90,25,OK / check in TTS,audio/sound_therapy/st_ss_002_aud_st_ss_002.m4a,"Choose music you actually enjoy. Start with the volume all the way down, then slowly raise it until you begin to notice sensitivity. Turn it down slightly below that point and listen for 10 to 15 minutes. Some days the level will be lower and some days it will be higher. The goal is the process, not a perfect number.",Yes,Collapsed by default; Play and Transcript buttons are separate.,Page narration / practice; global mini-player controls active while audio plays.,Yes,V10 approved edited script,Ready for TTS,Record / generate,Not generated,Not checked,Placeholder path; file not yet supplied,Good | Promoted during closure pass.
18,NEW-AUD-ST-PLAN-001,NEW-AUD-ST-PLAN-001,Sound Therapy,ST-008,Create sound therapy plan,Exercise walkthrough,45-60 sec,60,27,OK / check in TTS,audio/sound_therapy/st_plan_001_create_plan.m4a,"Now turn sound therapy into a simple plan. Choose one or two sounds that feel comfortable, note when they might fit into your day, and think about what device or source you would actually use. Some times will be easy and some will be harder. That is not a problem. The goal is to make sound therapy practical enough that you can return to it consistently.",Yes,Collapsed by default; Play and Transcript buttons are separate.,Page narration / practice; global mini-player controls active while audio plays.,Yes,Approved gap script,Ready for TTS,Record / generate,Not generated,Not checked,Placeholder path; file not yet supplied,Approved during asset-gap closure; final natural-phrasing edits allowed during TTS.
19,AUD-200-OV,AUD-200-OV,Acceptance and Change,AC-001,Acceptance versus change,Chapter overview,60-90 sec,90,27,OK / check in TTS,audio/acceptance/p_200_aud_200_ov_acceptance_versus_change.m4a,"Acceptance can sound like giving up, especially when tinnitus feels new or overwhelming. In this app, acceptance means taking an honest look at what is happening right now so you can stop spending all your energy on unwinnable fights and start making changes that are actually available to you. Acceptance and change are not enemies; in many situations, acceptance is what makes meaningful change possible.",Yes,Collapsed by default; Play and Transcript buttons are separate.,Page narration / practice; global mini-player controls active while audio plays.,Yes,V10 approved edited script,Ready for TTS,Record / generate,Not generated,Not checked,Placeholder path; file not yet supplied,Wonderful
20,AUD-200-OBJ,AUD-200-OBJ,Acceptance and Change,AC-001,Learning objectives,Short explainer,15-30 sec,30,10,OK / check in TTS,audio/acceptance/p_200_aud_200_obj_learning_objectives.m4a,"In this section, we are going to separate acceptance from giving up, look at how avoidance can increase frustration, and practice ways to emphasize acceptance. ",Yes,Collapsed by default; Play and Transcript buttons are separate.,Page narration / practice; global mini-player controls active while audio plays.,Yes,V10 approved edited script,Ready for TTS,Record / generate,Not generated,Not checked,Placeholder path; file not yet supplied,Slight adjustment
21,AUD-201-S,AUD-201-S,Acceptance and Change,AC-001,Why this matters for tinnitus,Short explainer,15-30 sec,30,19,OK / check in TTS,audio/acceptance/p_201_aud_201_s_why_this_matters_for_tinnitus.m4a,"At the beginning, many people try to win battles that tinnitus does not let them win quickly: finding the magic cure, blocking the sound all day, or searching constantly for the one perfect answer. Those reactions make sense, but they often lead to frustration and disappointment.",Yes,Collapsed by default; Play and Transcript buttons are separate.,Page narration / practice; global mini-player controls active while audio plays.,Yes,V10 approved edited script,Ready for TTS,Record / generate,Not generated,Not checked,Placeholder path; file not yet supplied,Redid the last sentence.  
22,AUD-201-BML,AUD-201-BML,Acceptance and Change,AC-001,Body Mind Life bridge,Short explainer,15-30 sec,30,14,OK / check in TTS,audio/acceptance/p_201_aud_201_bml_body_mind_life_bridge.m4a,"This connects back to the Body, Mind, and Life model. The sound is part of the body experience, but the struggle, fear, avoidance, and disruption to daily life are often where tinnitus becomes most powerful.",Yes,Collapsed by default; Play and Transcript buttons are separate.,Page narration / practice; global mini-player controls active while audio plays.,Yes,V10 approved edited script,Ready for TTS,Record / generate,Not generated,Not checked,Placeholder path; file not yet supplied,This works well.
23,AUD-202-A,AUD-202-A,Acceptance and Change,AC-002,Acceptance term,Short explainer,15-30 sec,30,13,OK / check in TTS,audio/acceptance/p_202_aud_202_a_acceptance_term.m4a,"Acceptance does not mean that you like tinnitus, want it, or believe nothing can improve. It means you are acknowledging what is here right now so you can respond more wisely.",Yes,Collapsed by default; Play and Transcript buttons are separate.,Page narration / practice; global mini-player controls active while audio plays.,Yes,V10 approved edited script,Ready for TTS,Record / generate,Not generated,Not checked,Placeholder path; file not yet supplied,Good
24,AUD-202-R,AUD-202-R,Acceptance and Change,AC-002,Acceptance vs resignation,Short explainer,15-30 sec,30,12,OK / check in TTS,audio/acceptance/p_202_aud_202_r_acceptance_vs_resignation.m4a,"Resignation says, nothing can change, so why try? Acceptance says, this is the situation I am in right now, and I can still choose the next useful step.",Yes,Collapsed by default; Play and Transcript buttons are separate.,Page narration / practice; global mini-player controls active while audio plays.,Yes,V10 approved edited script,Ready for TTS,Record / generate,Not generated,Not checked,Placeholder path; file not yet supplied,Good
25,AUD-202-C,AUD-202-C,Acceptance and Change,AC-002,Control and influence,Short explainer,15-30 sec,30,14,OK / check in TTS,audio/acceptance/p_202_aud_202_c_control_and_influence.m4a,"You may not have a switch that turns tinnitus off on command. But you can influence your sound environment, your attention, your routines, your self-talk, and the way you move through your day.",Yes,Collapsed by default; Play and Transcript buttons are separate.,Page narration / practice; global mini-player controls active while audio plays.,Yes,V10 approved edited script,Ready for TTS,Record / generate,Not generated,Not checked,Placeholder path; file not yet supplied,Good.
26,AUD-204-WC,AUD-204-WC,Acceptance and Change,AC-002,What can change,Short explainer,15-30 sec,30,14,OK / check in TTS,audio/acceptance/p_204_aud_204_wc_what_can_change.m4a,"Change can mean using sound therapy differently, returning to a routine, communicating a need, practicing mindfulness, or responding to a thought in a new way. Change does not have to mean forcing tinnitus to disappear.",Yes,Collapsed by default; Play and Transcript buttons are separate.,Page narration / practice; global mini-player controls active while audio plays.,Yes,V10 approved edited script,Ready for TTS,Record / generate,Not generated,Not checked,Placeholder path; file not yet supplied,Good
27,AUD-203-S,AUD-203-S,Acceptance and Change,AC-003,Avoidance vs acceptance,Short explainer,15-30 sec,30,13,OK / check in TTS,audio/acceptance/p_203_aud_203_s_avoidance_vs_acceptance.m4a,The real opposite of acceptance is not change. The real opposite is often avoidance: trying so hard not to experience tinnitus that your whole day begins to organize around escaping it.,Yes,Collapsed by default; Play and Transcript buttons are separate.,Page narration / practice; global mini-player controls active while audio plays.,Yes,V10 approved edited script,Ready for TTS,Record / generate,Not generated,Not checked,Placeholder path; file not yet supplied,Good
28,AUD-203-EX,AUD-203-EX,Acceptance and Change,AC-003,Resistance examples,Short explainer,15-30 sec,30,15,OK / check in TTS,audio/acceptance/p_203_aud_203_ex_resistance_examples.m4a,"Avoidance can look like blocking out tinnitus all day, avoiding quiet places, canceling activities, or spending every free moment searching for cures. These patterns are understandable, but they can keep tinnitus at the center of your life.",Yes,Collapsed by default; Play and Transcript buttons are separate.,Page narration / practice; global mini-player controls active while audio plays.,Yes,V10 approved edited script,Ready for TTS,Record / generate,Not generated,Not checked,Placeholder path; file not yet supplied,Slight adjustment
29,AUD-203-R,AUD-203-R,Acceptance and Change,AC-003,Resistance reflection,Prompt,15 sec,15,10,OK / check in TTS,audio/acceptance/p_203_aud_203_r_resistance_reflection.m4a,Take a moment to ask: where am I pulling against tinnitus right now? You do not need to judge the answer. Just notice it.,Yes,Collapsed by default; Play and Transcript buttons are separate.,Page narration / practice; global mini-player controls active while audio plays.,Yes,V10 approved edited script,Ready for TTS,Record / generate,Not generated,Not checked,Placeholder path; file not yet supplied,Good
30,AUD-204-S,AUD-204-S,Acceptance and Change,AC-004,Acceptance leads to change,Short explainer,15-30 sec,30,15,OK / check in TTS,audio/acceptance/p_204_aud_204_s_acceptance_leads_to_change.m4a,"Real change begins when we take account of the situation we are actually in. If we are fighting for a magic switch, we may miss the smaller changes that can make today easier and life better.",Yes,Collapsed by default; Play and Transcript buttons are separate.,Page narration / practice; global mini-player controls active while audio plays.,Yes,V10 approved edited script,Ready for TTS,Record / generate,Not generated,Not checked,Placeholder path; file not yet supplied,Slight adjustment
31,AUD-205-OV,AUD-205-OV,Acceptance and Change,AC-004,Sound therapy bridge,Bridge explainer,45-60 sec,60,34,OK / check in TTS,audio/acceptance/p_205_aud_205_ov_sound_therapy_bridge.m4a,"Sound therapy gives us a concrete example of acceptance and change working together. If we use sound only to cover tinnitus completely, we may feel better for a moment, but we are also avoiding the sound. When we set sound therapy like we recommend in this app, where we can hear the sound therapy and still have some awareness of tinnitus, we are accepting enough of the situation for the brain to learn while still making the environment easier to tolerate.",Yes,Collapsed by default; Play and Transcript buttons are separate.,Page narration / practice; global mini-player controls active while audio plays.,Yes,V10 approved edited script,Ready for TTS,Record / generate,Not generated,Not checked,Placeholder path; file not yet supplied,Slight adjustment
32,AUD-205-OM,AUD-205-OM,Acceptance and Change,AC-004,Overmasking as avoidance,Short explainer,15-30 sec,30,19,OK / check in TTS,audio/acceptance/p_205_aud_205_om_overmasking_as_avoidance.m4a,"There may be moments when covering tinnitus is useful, but if the whole strategy is to never hear tinnitus at all, the brain loses opportunity to change. Sound therapy works best when it supports your life rather than becoming another way to hide from it.",Yes,Collapsed by default; Play and Transcript buttons are separate.,Page narration / practice; global mini-player controls active while audio plays.,Yes,V10 approved edited script,Ready for TTS,Record / generate,Not generated,Not checked,Placeholder path; file not yet supplied,Adjusted and made easier.  
33,AUD-206-G,AUD-206-G,Acceptance and Change,AC-005,Tug-of-War walkthrough,Exercise walkthrough,60-90 sec,90,28,OK / check in TTS,audio/acceptance/p_206_aud_206_g_tug_of_war_walkthrough.m4a,"Imagine tinnitus on the other side of a rope. You pull harder and harder, trying to win, but the more energy you spend, the more exhausted and stuck you feel. Dropping the rope does not mean you like tinnitus or that tinnitus wins. It means you stop spending this moment on a fight that is not helping, and you free up energy for one next useful action.",Yes,Collapsed by default; Play and Transcript buttons are separate.,Page narration / practice; global mini-player controls active while audio plays.,Yes,V10 approved edited script,Ready for TTS,Record / generate,Not generated,Not checked,Placeholder path; file not yet supplied,Good
34,AUD-206-F1,AUD-206-F1,Acceptance and Change,AC-005,Pulling the rope prompt,Prompt,15 sec,15,10,OK / check in TTS,audio/acceptance/p_206_aud_206_f1_pulling_the_rope_prompt.m4a,What does staying in the tug-of-war look like to you? What situations make you feel the need to fight against tinnitus?,Yes,Collapsed by default; Play and Transcript buttons are separate.,Page narration / practice; global mini-player controls active while audio plays.,Yes,V10 approved edited script,Ready for TTS,Record / generate,Not generated,Not checked,Placeholder path; file not yet supplied,"Let’s remove or rewrite this.  It is very similar to a previous prompt on the same topic, but outside the exercise.    Maybe something like “What does staying in the tug-of-war look like to you?  What situations to you feel the need to fight against tinnitus?” | Rewritten per closure decision."
35,AUD-206-F2,AUD-206-F2,Acceptance and Change,AC-005,Dropping the rope prompt,Prompt,15 sec,15,10,OK / check in TTS,audio/acceptance/p_206_aud_206_f2_dropping_the_rope_prompt.m4a,Now ask what dropping the rope could look like for just one moment. What would you have more space to do if the struggle paused?,Yes,Collapsed by default; Play and Transcript buttons are separate.,Page narration / practice; global mini-player controls active while audio plays.,Yes,V10 approved edited script,Ready for TTS,Record / generate,Not generated,Not checked,Placeholder path; file not yet supplied,Good
36,AUD-207-S,AUD-207-S,Acceptance and Change,AC-006,Both-and thinking,Short explainer,15-30 sec,30,14,OK / check in TTS,audio/acceptance/p_207_aud_207_s_both_and_thinking.m4a,"Two things can be true at the same time. Tinnitus can be present, and you can still choose something helpful. You can wish this were different, and still take care of yourself today.",Yes,Collapsed by default; Play and Transcript buttons are separate.,Page narration / practice; global mini-player controls active while audio plays.,Yes,V10 approved edited script,Ready for TTS,Record / generate,Not generated,Not checked,Placeholder path; file not yet supplied,Good
37,AUD-207-EX,AUD-207-EX,Acceptance and Change,AC-006,Both-and examples,Short explainer,15-30 sec,30,17,OK / check in TTS,audio/acceptance/p_207_aud_207_ex_both_and_examples.m4a,"Yes, my tinnitus is loud today, and I can use sound therapy to make it feel less intrusive. Yes, I wish I did not have tinnitus, and I can still go outside, connect with someone, or do something that matters.",Yes,Collapsed by default; Play and Transcript buttons are separate.,Page narration / practice; global mini-player controls active while audio plays.,Yes,V10 approved edited script,Ready for TTS,Record / generate,Not generated,Not checked,Placeholder path; file not yet supplied,Adjusted first sentence.  
38,AUD-208-G,AUD-208-G,Acceptance and Change,AC-006,Yes AND builder,Exercise walkthrough,45-60 sec,60,16,OK / check in TTS,audio/acceptance/p_208_aud_208_g_yes_and_builder.m4a,"Start with a real frustration. Do not soften it and do not pretend it is easy. Then add the word AND, followed by one action you can take. The first half is acceptance. The second half is change.",Yes,Collapsed by default; Play and Transcript buttons are separate.,Page narration / practice; global mini-player controls active while audio plays.,Yes,V10 approved edited script,Ready for TTS,Record / generate,Not generated,Not checked,Placeholder path; file not yet supplied,Good
39,AUD-208-F2,AUD-208-F2,Acceptance and Change,AC-006,AND prompt,Prompt,15 sec,15,10,OK / check in TTS,audio/acceptance/p_208_aud_208_f2_and_prompt.m4a,"Now add one useful action. For example: and I can use a sound I like, take one breath, or do one meaningful thing anyway.",Yes,Collapsed by default; Play and Transcript buttons are separate.,Page narration / practice; global mini-player controls active while audio plays.,Yes,V10 approved edited script,Ready for TTS,Record / generate,Not generated,Not checked,Placeholder path; file not yet supplied,Good
40,AUD-208-R,AUD-208-R,Acceptance and Change,AC-006,Yes AND reflection,Prompt,15 sec,15,9,OK / check in TTS,audio/acceptance/p_208_aud_208_r_yes_and_reflection.m4a,Notice what changes when the sentence holds both truths. It doesn’t have to feel perfect for the statement to be useful.,Yes,Collapsed by default; Play and Transcript buttons are separate.,Page narration / practice; global mini-player controls active while audio plays.,Yes,V10 approved edited script,Ready for TTS,Record / generate,Not generated,Not checked,Placeholder path; file not yet supplied,Slight adjustment
41,NEW-AUD-AC-VALUES-001,NEW-AUD-AC-VALUES-001,Acceptance and Change,AC-007,Reconnection with What Matters,Exercise walkthrough,45-60 sec,60,24,OK / check in TTS,audio/acceptance/ac_values_001_reconnection.m4a,"Pick one thing tinnitus has made smaller in your life. It could be music, sleep, social time, quiet work, or something else that matters to you. You do not need to fix the whole situation today. List a few possible steps, then choose the easiest useful step you could take now. Reconnection starts with one realistic action.",Yes,Collapsed by default; Play and Transcript buttons are separate.,Page narration / practice; global mini-player controls active while audio plays.,Yes,Approved gap script,Ready for TTS,Record / generate,Not generated,Not checked,Placeholder path; file not yet supplied,Approved during asset-gap closure; final natural-phrasing edits allowed during TTS.
42,AUD-213-TL,AUD-213-STEM,Acceptance and Change,AC-008,Three Lines journal connection,Short explainer,15-30 sec,30,19,OK / check in TTS,audio/acceptance/p_213_aud_213_three_lines_connection.m4a,"This can also connect to your Three Lines check-in. A few words about what you did for sound therapy, emotional regulation, or mindfulness may help you notice what supports you over time. This is an exercise we will dive deeper into throughout this app.",Yes,Collapsed by default; Play and Transcript buttons are separate.,Page narration / practice; global mini-player controls active while audio plays.,Yes,V10 approved edited script,Ready for TTS,Record / generate,Not generated,Not checked,Placeholder path; file not yet supplied,Added an addition onto the end.  
43,AUD-214-OV,AUD-214-OV,Acceptance and Change,AC-008,Acceptance to mindfulness bridge,Bridge explainer,45-60 sec,60,17,OK / check in TTS,audio/acceptance/p_214_aud_214_ov_acceptance_to_mindfulness_bridge.m4a,"Mindfulness becomes easier when we understand acceptance first. Mindfulness is not a test where you sit in silence and suffer. It is the practice of noticing what is here, including tinnitus, without letting it become the only thing in awareness.",Yes,Collapsed by default; Play and Transcript buttons are separate.,Page narration / practice; global mini-player controls active while audio plays.,Yes,V10 approved edited script,Ready for TTS,Record / generate,Not generated,Not checked,Placeholder path; file not yet supplied,Good
44,AUD-214-DT,AUD-214-DT,Acceptance and Change,AC-008,Acceptance to distress tolerance bridge,Short explainer,15-30 sec,30,8,OK / check in TTS,audio/acceptance/p_214_aud_214_dt_acceptance_to_distress_tolerance.m4a,"When distress is high, acceptance may start very small: one pause, one breath, or one decision not to react immediately.",Yes,Collapsed by default; Play and Transcript buttons are separate.,Page narration / practice; global mini-player controls active while audio plays.,Yes,V10 approved edited script,Ready for TTS,Record / generate,Not generated,Not checked,Placeholder path; file not yet supplied,Good
45,AUD-215-OV,AUD-215-OV,Acceptance and Change,AC-008,Save acceptance tools,Short explainer,15-30 sec,30,9,OK / check in TTS,audio/acceptance/p_215_aud_215_ov_save_acceptance_tools.m4a,Write down the statements and reflections that feel useful. You can come back to them later when you need a reminder.,Yes,Collapsed by default; Play and Transcript buttons are separate.,Page narration / practice; global mini-player controls active while audio plays.,Yes,V10 approved edited script,Ready for TTS,Record / generate,Not generated,Not checked,Placeholder path; file not yet supplied,Slight adjustment
46,AUD-215-NEXT,AUD-215-NEXT,Acceptance and Change,AC-008,Next step after acceptance,Short explainer,15-30 sec,30,10,OK / check in TTS,audio/acceptance/p_215_aud_215_next_next_step_after_acceptance.m4a,"The next section builds on this directly. Mindfulness gives you a way to practice acceptance in real moments, without needing silence or perfection.",Yes,Collapsed by default; Play and Transcript buttons are separate.,Page narration / practice; global mini-player controls active while audio plays.,Yes,V10 approved edited script,Ready for TTS,Record / generate,Not generated,Not checked,Placeholder path; file not yet supplied,Good.  
47,AUD-211-A,AUD-211-A,Acceptance and Change,UNPLACED,Acceptance definition,Term snippet,15 sec,15,7,OK / check in TTS,audio/acceptance/p_211_aud_211_a_acceptance_definition.m4a,"Acceptance means acknowledging the present experience without spending all your energy suppressing it, fighting it, or denying it.",Yes,Collapsed if used; placement not yet assigned.,Unplaced v10 glossary/term audio; needs placement review before build.,Pending placement,V10 approved edited script; not placed in screen spec,Needs placement decision before TTS,Hold,Not generated,Not checked,Placeholder path; file not yet supplied,"Included in v10 but absent from the MVP Screen Spec Audio Placement sheet. Likely glossary/term snippet; verify whether to include, combine, or park."
48,AUD-211-C,AUD-211-C,Acceptance and Change,UNPLACED,Change definition,Term snippet,15 sec,15,7,OK / check in TTS,audio/acceptance/p_211_aud_211_c_change_definition.m4a,"Change means taking active steps to improve your well-being, even if tinnitus is still present.",Yes,Collapsed if used; placement not yet assigned.,Unplaced v10 glossary/term audio; needs placement review before build.,Pending placement,V10 approved edited script; not placed in screen spec,Needs placement decision before TTS,Hold,Not generated,Not checked,Placeholder path; file not yet supplied,"Included in v10 but absent from the MVP Screen Spec Audio Placement sheet. Likely glossary/term snippet; verify whether to include, combine, or park."
49,AUD-211-D,AUD-211-D,Acceptance and Change,UNPLACED,Dialectical thinking definition,Term snippet,15 sec,15,12,OK / check in TTS,audio/acceptance/p_211_aud_211_d_dialectical_thinking_definition.m4a,"Dialectical thinking is a formal way of saying that two truths can sit next to each other: yes, this is hard, and yes, I can still move forward.",Yes,Collapsed if used; placement not yet assigned.,Unplaced v10 glossary/term audio; needs placement review before build.,Pending placement,V10 approved edited script; not placed in screen spec,Needs placement decision before TTS,Hold,Not generated,Not checked,Placeholder path; file not yet supplied,"Included in v10 but absent from the MVP Screen Spec Audio Placement sheet. Likely glossary/term snippet; verify whether to include, combine, or park."
50,AUD-211-EA,AUD-211-EA,Acceptance and Change,UNPLACED,Experiential avoidance definition,Term snippet,15 sec,15,10,OK / check in TTS,audio/acceptance/p_211_aud_211_ea_experiential_avoidance_definitio.m4a,"Experiential avoidance means trying to escape uncomfortable thoughts, feelings, or sensations in ways that may bring short-term relief but make life smaller over time.",Yes,Collapsed if used; placement not yet assigned.,Unplaced v10 glossary/term audio; needs placement review before build.,Pending placement,V10 approved edited script; not placed in screen spec,Needs placement decision before TTS,Hold,Not generated,Not checked,Placeholder path; file not yet supplied,"Included in v10 but absent from the MVP Screen Spec Audio Placement sheet. Likely glossary/term snippet; verify whether to include, combine, or park."
51,AUD-213-OV,AUD-213-OV,Acceptance and Change,UNPLACED,Acceptance practice loop,Loop explainer,45-60 sec,60,19,OK / check in TTS,audio/acceptance/p_213_aud_213_ov_acceptance_practice_loop.m4a,"Notice the fight, name what you can influence, drop the rope for one moment, make a Yes AND statement, and choose one small step. This is not something you master once. It is something you return to whenever tinnitus starts taking over the whole room.",Yes,Collapsed if used; placement not yet assigned.,Unplaced v10 glossary/term audio; needs placement review before build.,Pending placement,V10 approved edited script; not placed in screen spec,Needs placement decision before TTS,Hold,Not generated,Not checked,Placeholder path; file not yet supplied,"Included in v10 but absent from the MVP Screen Spec Audio Placement sheet. Likely glossary/term snippet; verify whether to include, combine, or park."
52,AUD-300-OV,AUD-300-OV,Mindfulness,MF-001,Mindfulness,Chapter overview,60-90 sec,90,14,OK / check in TTS,audio/mindfulness/p_300_aud_300_ov_mindfulness.m4a,"Mindfulness is not forcing silence, forcing relaxation, or staring at tinnitus. In this app, mindfulness means building attention flexibility: noticing what is happening, widening the field of awareness, and returning to the present moment.",Yes,Collapsed by default; Play and Transcript buttons are separate.,Page narration / practice; global mini-player controls active while audio plays.,Yes,V10 approved edited script,Ready for TTS,Record / generate,Not generated,Not checked,Placeholder path; file not yet supplied,Good.  
53,NEW-AUD-MF-ISNOT-001,NEW-AUD-MF-ISNOT-001,Mindfulness,MF-001,What mindfulness is and is not,Short explainer,30-45 sec,45,20,OK / check in TTS,audio/mindfulness/mf_isnot_001_what_mindfulness_is_not.m4a,"Mindfulness does not have to mean sitting in silence, forcing relaxation, or pretending tinnitus is not there. It can be one breath, one moment of noticing, or one practice of widening attention. For tinnitus, mindfulness is about flexibility: letting tinnitus be one part of awareness, not the whole field.",Yes,Collapsed by default; Play and Transcript buttons are separate.,Page narration / practice; global mini-player controls active while audio plays.,Yes,Approved gap script,Ready for TTS,Record / generate,Not generated,Not checked,Placeholder path; file not yet supplied,Approved during asset-gap closure; final natural-phrasing edits allowed during TTS.
54,AUD-301-G,AUD-301-G,Mindfulness,MF-002,Deep Breath Check-In,Guided practice,30-60 sec,60,17,OK / check in TTS,audio/mindfulness/p_301_aud_301_g_deep_breath_check_in.m4a,"You are already breathing, so we may as well start there. Take one slower breath in, let it out gently, and notice what changes in your body. You do not need to make tinnitus disappear. Just notice this one breath.",Yes,Collapsed by default; Play and Transcript buttons are separate.,Page narration / practice; global mini-player controls active while audio plays.,Yes,V10 approved edited script,Ready for TTS,Record / generate,Not generated,Not checked,Placeholder path; file not yet supplied,Slight adjustment
55,AUD-302-G,AUD-302-G,Mindfulness,MF-003,3-2-1 Senses,Guided practice,45-60 sec,60,17,OK / check in TTS,audio/mindfulness/p_302_aud_302_g_3_2_1_senses.m4a,"Look for three things you can see, two things you can feel, and one sound you can hear outside of tinnitus. This is not a test. It is a way to remind your attention that more is happening than tinnitus alone.",Yes,Collapsed by default; Play and Transcript buttons are separate.,Page narration / practice; global mini-player controls active while audio plays.,Yes,V10 approved edited script,Ready for TTS,Record / generate,Not generated,Not checked,Placeholder path; file not yet supplied,Good
56,AUD-303-G,AUD-303-G,Mindfulness,MF-004,Mindful Listening,Guided practice,60-120 sec,120,14,OK / check in TTS,audio/mindfulness/p_303_aud_303_g_mindful_listening.m4a,"Choose a simple activity, like making coffee or walking through a room. Listen broadly. Notice environmental sounds, body sounds, and tinnitus if it is present. Label tinnitus neutrally as one sound among others.",Yes,Collapsed by default; Play and Transcript buttons are separate.,Page narration / practice; global mini-player controls active while audio plays.,Yes,V10 approved edited script,Ready for TTS,Record / generate,Not generated,Not checked,Placeholder path; file not yet supplied,Good
57,NEW-AUD-MF-SHIFT-001,NEW-AUD-MF-SHIFT-001,Mindfulness,MF-005,Sound Shifting practice,Guided practice,60-90 sec,90,32,OK / check in TTS,audio/mindfulness/mf_shift_001_sound_shifting.m4a,"Choose a comfortable outside sound, such as a fan, water, rain, or another sound you can hear easily. Start by listening to that sound. Then, if tinnitus is present, gently notice it for a moment without arguing with it. Shift back to the outside sound. Then widen your attention and notice both sounds as part of the same environment. The goal is not to win or force tinnitus away. The goal is to practice moving attention on purpose.",Yes,Collapsed by default; Play and Transcript buttons are separate.,Page narration / practice; global mini-player controls active while audio plays.,Yes,Approved gap script,Ready for TTS,Record / generate,Not generated,Not checked,Placeholder path; file not yet supplied,Approved during asset-gap closure; final natural-phrasing edits allowed during TTS.
58,NEW-AUD-MF-HARD-001,NEW-AUD-MF-HARD-001,Mindfulness,MF-006,When mindfulness feels hard,Short explainer,30-45 sec,45,21,OK / check in TTS,audio/mindfulness/mf_hard_001_when_mindfulness_feels_hard.m4a,"If mindfulness feels hard, that does not mean you are doing it wrong. Make the practice shorter, keep your eyes open, add comfortable sound, or switch to a simple 3-2-1 senses exercise. Then choose when mindfulness fits best for you: morning, evening, or brief moments throughout the day.",Yes,Collapsed by default; Play and Transcript buttons are separate.,Page narration / practice; global mini-player controls active while audio plays.,Yes,Approved gap script,Ready for TTS,Record / generate,Not generated,Not checked,Placeholder path; file not yet supplied,Approved during asset-gap closure; final natural-phrasing edits allowed during TTS.
59,NEW-AUD-DT-SAFETY-001,NEW-AUD-DT-SAFETY-001,Distress Tolerance,DT-001,Distress is not the same as danger,Scope/safety explainer,30-45 sec,45,21,OK / check in TTS,audio/distress/dt_safety_001_distress_not_danger.m4a,"Distress tolerance skills are for moments that feel intense, frustrating, or overwhelming. They are not a substitute for help if you feel unsafe or are in a mental health crisis. If safety is the concern, the goal is not to practice perfectly. The goal is to get direct support right away.",Yes,Collapsed by default; Play and Transcript buttons are separate.,Page narration / practice; global mini-player controls active while audio plays.,Yes,Approved gap script,Ready for TTS,Record / generate,Not generated,Not checked,Placeholder path; file not yet supplied,Approved during asset-gap closure; final natural-phrasing edits allowed during TTS.
60,AUD-400-OV,AUD-400-OV,Distress Tolerance,DT-001,Distress Tolerance,Chapter overview,60-90 sec,90,17,OK / check in TTS,audio/distress/p_400_aud_400_ov_distress_tolerance.m4a,"Distress tolerance skills are for the moments when tinnitus feels overwhelming. These skills do not need to solve tinnitus. Their job is to help you pause, reduce the intensity of the moment, and avoid reacting in a way that makes things harder.",Yes,Collapsed by default; Play and Transcript buttons are separate.,Page narration / practice; global mini-player controls active while audio plays.,Yes,V10 approved edited script,Ready for TTS,Record / generate,Not generated,Not checked,Placeholder path; file not yet supplied,Good
61,AUD-401-S,AUD-401-S,Distress Tolerance,DT-001,Fluctuations,Short explainer,15-30 sec,30,8,OK / check in TTS,audio/distress/p_401_aud_401_s_fluctuations.m4a,The word fluctuation reminds us that tinnitus can change. A difficult moment does not automatically mean a permanent setback.,Yes,Collapsed by default; Play and Transcript buttons are separate.,Page narration / practice; global mini-player controls active while audio plays.,Yes,V10 approved edited script,Ready for TTS,Record / generate,Not generated,Not checked,Placeholder path; file not yet supplied,Good.  
62,AUD-403-G,AUD-403-G,Distress Tolerance,DT-002,STOP,Guided practice,60-90 sec,90,14,OK / check in TTS,audio/distress/p_403_aud_403_g_stop.m4a,"Stop. Take a step back. Observe what is happening in your body, thoughts, emotions, and urges. Then proceed mindfully by choosing the next action that helps rather than the first reaction that appears.",Yes,Collapsed by default; Play and Transcript buttons are separate.,Page narration / practice; global mini-player controls active while audio plays.,Yes,V10 approved edited script,Ready for TTS,Record / generate,Not generated,Not checked,Placeholder path; file not yet supplied,Good
63,AUD-402-G,AUD-402-G,Distress Tolerance,DT-003,Temperature Reset,Guided practice,30-60 sec,60,13,OK / check in TTS,audio/distress/p_402_aud_402_g_temperature_reset.m4a,Temperature changes can grab our attention.  The goal of this is changing the perception that we are having.  Definitely not causing pain.  We are bringing awareness to one of our senses.  ,Yes,Collapsed by default; Play and Transcript buttons are separate.,Page narration / practice; global mini-player controls active while audio plays.,Yes,V10 approved edited script,Ready for TTS,Record / generate,Not generated,Not checked,Placeholder path; file not yet supplied,Changed.  
64,NEW-AUD-DT-ICE-001,NEW-AUD-DT-ICE-001,Distress Tolerance,DT-003,Grab an ice cube,Guided mini-exercise,30-60 sec,60,23,OK / check in TTS,audio/distress/dt_ice_001_ice_cube.m4a,"For a quick temperature reset, hold an ice cube, a cold pack, or something cool in your hand. Notice the temperature, texture, and the way your attention shifts. This is not about causing pain. Set it down if it hurts. The purpose is to give your body a clear signal that helps the moment slow down.",Yes,Collapsed by default; Play and Transcript buttons are separate.,Page narration / practice; global mini-player controls active while audio plays.,Yes,Approved gap script,Ready for TTS,Record / generate,Not generated,Not checked,Placeholder path; file not yet supplied,Approved during asset-gap closure; final natural-phrasing edits allowed during TTS.
65,AUD-404-G,AUD-404-G,Distress Tolerance,DT-004,TIPP,Exercise walkthrough,60-120 sec,120,12,OK / check in TTS,audio/distress/p_404_aud_404_g_tipp.m4a,"TIPP uses the body to help calm the mind: temperature, intense movement when appropriate, paced breathing, and paired muscle relaxation. Choose the safest option for your body and your situation.",Yes,Collapsed by default; Play and Transcript buttons are separate.,Page narration / practice; global mini-player controls active while audio plays.,Yes,V10 approved edited script,Ready for TTS,Record / generate,Not generated,Not checked,Placeholder path; file not yet supplied,Good
66,NEW-AUD-DT-ORANGE-001,NEW-AUD-DT-ORANGE-001,Distress Tolerance,DT-005,Frozen orange sensory grounding,Guided mini-exercise,45-60 sec,60,26,OK / check in TTS,audio/distress/dt_orange_001_frozen_orange.m4a,"A frozen orange or another piece of citrus can become a simple grounding tool. Hold it and notice the cold, the texture, the weight, and any scent that appears as it warms. As the surface changes, let your attention follow those details. The point is not pain or endurance. The point is using safe, noticeable sensory information to step out of the tinnitus tornado.",Yes,Collapsed by default; Play and Transcript buttons are separate.,Page narration / practice; global mini-player controls active while audio plays.,Yes,Approved gap script,Ready for TTS,Record / generate,Not generated,Not checked,Placeholder path; file not yet supplied,Approved during asset-gap closure; final natural-phrasing edits allowed during TTS.
67,NEW-AUD-DT-SKILL-001,NEW-AUD-DT-SKILL-001,Distress Tolerance,DT-006,Skill response sheet,Exercise walkthrough,30-45 sec,45,23,OK / check in TTS,audio/distress/dt_skill_001_response_sheet.m4a,"After using a distress skill, write only a few words. What was happening? What skill did you use? Did it help a little, a lot, or not right now? This is not a graded assignment. It is a way to learn which tools are useful and to fill in the emotional regulation line when it fits.",Yes,Collapsed by default; Play and Transcript buttons are separate.,Page narration / practice; global mini-player controls active while audio plays.,Yes,Approved gap script,Ready for TTS,Record / generate,Not generated,Not checked,Placeholder path; file not yet supplied,Approved during asset-gap closure; final natural-phrasing edits allowed during TTS.
68,AUD-500-OV,AUD-500-OV,Cognitive Reframing,CR-001,Cognitive Reframing,Chapter overview,60-90 sec,90,21,OK / check in TTS,audio/cognitive/p_500_aud_500_ov_cognitive_reframing.m4a,"Cognitive reframing is not forced positivity. It is a way of slowing down a thought, checking whether it is accurate, and finding a more balanced way to respond. Tinnitus may be real and difficult, and your mind may still add a story that makes the moment feel even more threatening.",Yes,Collapsed by default; Play and Transcript buttons are separate.,Page narration / practice; global mini-player controls active while audio plays.,Yes,V10 approved edited script,Ready for TTS,Record / generate,Not generated,Not checked,Placeholder path; file not yet supplied,Good
69,AUD-501-S,AUD-501-S,Cognitive Reframing,CR-001,CBT Context,Short explainer,15-30 sec,30,17,OK / check in TTS,audio/cognitive/p_501_aud_501_s_cbt_context.m4a,"CBT is built around a simple idea: what we think, what we feel, and what we do all influence each other. In this app, we are using one practical CBT skill: checking the thoughts that make tinnitus distress feel bigger.",Yes,Collapsed by default; Play and Transcript buttons are separate.,Page narration / practice; global mini-player controls active while audio plays.,Yes,V10 approved edited script,Ready for TTS,Record / generate,Not generated,Not checked,Placeholder path; file not yet supplied,Good
70,AUD-505-TINNITUS,AUD-505-TINNITUS,Cognitive Reframing,CR-001,Why This Matters for Tinnitus,Short explainer,30-60 sec,60,14,OK / check in TTS,audio/cognitive/p_505_aud_505_tinnitus_why_this_matters_for_tinnitus.m4a,"Tinnitus is not only the sound. It is also the meaning your brain attaches to the sound. If the meaning is danger, helplessness, or failure, distress can grow quickly. Reframing helps test that meaning.",Yes,Collapsed by default; Play and Transcript buttons are separate.,Page narration / practice; global mini-player controls active while audio plays.,Yes,V10 approved edited script,Ready for TTS,Record / generate,Not generated,Not checked,Placeholder path; file not yet supplied,Slight adjustment
71,AUD-514-NOT-POSITIVE,AUD-514-NOT-POSITIVE,Cognitive Reframing,CR-001,Not Forced Positivity,Short explainer,30-60 sec,60,15,OK / check in TTS,audio/cognitive/p_514_aud_514_not_positive_not_forced_positivity.m4a,"This is not about telling yourself tinnitus is wonderful. That would probably feel fake, because it is. Reframing is about accuracy: this is unpleasant, and it does not have to control every choice I make today.",Yes,Collapsed by default; Play and Transcript buttons are separate.,Page narration / practice; global mini-player controls active while audio plays.,Yes,V10 approved edited script,Ready for TTS,Record / generate,Not generated,Not checked,Placeholder path; file not yet supplied,Good
72,AUD-502-LOOP,AUD-502-LOOP,Cognitive Reframing,CR-002,Thoughts Feelings Behaviors,Short explainer,15-30 sec,30,16,OK / check in TTS,audio/cognitive/p_502_aud_502_loop_thoughts_feelings_behaviors.m4a,Awareness of tinnitus can trigger a thought. That thought can change your emotions. Those emotions can shape what you do next. Then that behavior can reinforce the next thought. Reframing gives you an off-ramp in that loop.,Yes,Collapsed by default; Play and Transcript buttons are separate.,Page narration / practice; global mini-player controls active while audio plays.,Yes,V10 approved edited script,Ready for TTS,Record / generate,Not generated,Not checked,Placeholder path; file not yet supplied,Good
73,AUD-502-EXAMPLE,AUD-502-EXAMPLE,Cognitive Reframing,CR-002,Thoughts Feelings Behaviors Example,Example walkthrough,30-60 sec,60,17,OK / check in TTS,audio/cognitive/p_502_aud_502_example_thoughts_feelings_behaviors_exam.m4a,"For example: tinnitus feels loud. The thought is, today is ruined. The feeling is dread. The behavior may be withdrawing, checking, or searching for a quick fix. The new goal is to pause that chain before it takes over the whole day.",Yes,Collapsed by default; Play and Transcript buttons are separate.,Page narration / practice; global mini-player controls active while audio plays.,Yes,V10 approved edited script,Ready for TTS,Record / generate,Not generated,Not checked,Placeholder path; file not yet supplied,Good
74,AUD-503-SHORTCUT,AUD-503-SHORTCUT,Cognitive Reframing,CR-002,Automatic Shortcuts,Short explainer,15-30 sec,30,12,OK / check in TTS,audio/cognitive/p_503_aud_503_shortcut_automatic_shortcuts.m4a,"Your thoughts use shortcuts all the time. That is normal. The problem is that stress can make those shortcuts too fast and too certain, especially when tinnitus already feels threatening.",Yes,Collapsed by default; Play and Transcript buttons are separate.,Page narration / practice; global mini-player controls active while audio plays.,Yes,V10 approved edited script,Ready for TTS,Record / generate,Not generated,Not checked,Placeholder path; file not yet supplied,Slight adjustment
75,AUD-503-REFLECT,AUD-503-REFLECT,Cognitive Reframing,CR-002,Jumping to Conclusions Reflection,Short explainer,15-30 sec,30,14,OK / check in TTS,audio/cognitive/p_503_aud_503_reflect_jumping_to_conclusions_reflectio.m4a,"Almost everyone has made a decision in the moment, then later realized they jumped too quickly. Cognitive reframing is a way to catch that process earlier, and to recognize the pattern that brought it up. ",Yes,Collapsed by default; Play and Transcript buttons are separate.,Page narration / practice; global mini-player controls active while audio plays.,Yes,V10 approved edited script,Ready for TTS,Record / generate,Not generated,Not checked,Placeholder path; file not yet supplied,Changed ending.  
76,AUD-504-FACTS,AUD-504-FACTS,Cognitive Reframing,CR-002,Thoughts Are Not Facts,Short explainer,15-30 sec,30,15,OK / check in TTS,audio/cognitive/p_504_aud_504_facts_thoughts_are_not_facts.m4a,"A thought can feel true before it has been checked. In this section, we are not fighting thoughts or pretending they are are inappropriat. We are asking whether they are accurate enough to guide what happens next.",Yes,Collapsed by default; Play and Transcript buttons are separate.,Page narration / practice; global mini-player controls active while audio plays.,Yes,V10 approved edited script,Ready for TTS,Record / generate,Not generated,Not checked,Placeholder path; file not yet supplied,Slight adjustment
77,AUD-506-DT-BRIDGE,AUD-506-DT-BRIDGE,Cognitive Reframing,CR-002,Distress Bridge,Short explainer,15-30 sec,30,15,OK / check in TTS,audio/cognitive/p_506_aud_506_dt_bridge_distress_bridge.m4a,"If distress is high, do not force yourself into a thought worksheet. First use a distress tolerance tool to cool things down. Reframing works better when the tornado has slowed enough for thinking to come back online.",Yes,Collapsed by default; Play and Transcript buttons are separate.,Page narration / practice; global mini-player controls active while audio plays.,Yes,V10 approved edited script,Ready for TTS,Record / generate,Not generated,Not checked,Placeholder path; file not yet supplied,Slight adjustment
78,AUD-507-MIND-BRIDGE,AUD-507-MIND-BRIDGE,Cognitive Reframing,CR-002,Mindfulness Bridge,Short explainer,15-30 sec,30,10,OK / check in TTS,audio/cognitive/p_507_aud_507_mind_bridge_mindfulness_bridge.m4a,"Mindfulness helps you notice the thought before you react to it. Cognitive reframing then asks, is this thought complete, accurate, and useful right now?",Yes,Collapsed by default; Play and Transcript buttons are separate.,Page narration / practice; global mini-player controls active while audio plays.,Yes,V10 approved edited script,Ready for TTS,Record / generate,Not generated,Not checked,Placeholder path; file not yet supplied,Good
79,AUD-508-LIBRARY,AUD-508-LIBRARY,Cognitive Reframing,CR-003,Distortion Library,Short explainer,30-60 sec,60,14,OK / check in TTS,audio/cognitive/p_508_aud_508_library_distortion_library.m4a,"Cognitive distortions are common thinking shortcuts. They are not signs that you are doing anything wrong. They are patterns to notice. Once you can name a pattern, it becomes easier to question it.",Yes,Collapsed by default; Play and Transcript buttons are separate.,Page narration / practice; global mini-player controls active while audio plays.,Yes,V10 approved edited script,Ready for TTS,Record / generate,Not generated,Not checked,Placeholder path; file not yet supplied,Good
80,AUD-508-AON,AUD-508-AON,Cognitive Reframing,CR-003,All-or-Nothing Thinking,Short explainer,15-30 sec,30,14,OK / check in TTS,audio/cognitive/p_508_aud_508_aon_all_or_nothing_thinking.m4a,"All-or-nothing thinking turns a complicated situation into two choices: perfect or ruined. Tinnitus rarely works that way. A difficult sound day does not mean the whole day, week, or future is lost.",Yes,Collapsed by default; Play and Transcript buttons are separate.,Page narration / practice; global mini-player controls active while audio plays.,Yes,V10 approved edited script,Ready for TTS,Record / generate,Not generated,Not checked,Placeholder path; file not yet supplied,Good
81,AUD-508-OVER,AUD-508-OVER,Cognitive Reframing,CR-003,Overgeneralization,Short explainer,15-30 sec,30,10,OK / check in TTS,audio/cognitive/p_508_aud_508_over_overgeneralization.m4a,Overgeneralization takes one moment and stretches it too far. My tinnitus is loud today does not automatically mean every day will feel this way.,Yes,Collapsed by default; Play and Transcript buttons are separate.,Page narration / practice; global mini-player controls active while audio plays.,Yes,V10 approved edited script,Ready for TTS,Record / generate,Not generated,Not checked,Placeholder path; file not yet supplied,Good
82,AUD-508-FILTER,AUD-508-FILTER,Cognitive Reframing,CR-003,Filtering,Short explainer,15-30 sec,30,10,OK / check in TTS,audio/cognitive/p_508_aud_508_filter_filtering.m4a,Filtering means your mind locks onto the evidence that supports distress and filters out everything else. Reframing asks what else is true too.,Yes,Collapsed by default; Play and Transcript buttons are separate.,Page narration / practice; global mini-player controls active while audio plays.,Yes,V10 approved edited script,Ready for TTS,Record / generate,Not generated,Not checked,Placeholder path; file not yet supplied,Good
83,AUD-508-MINDREAD,AUD-508-MINDREAD,Cognitive Reframing,CR-003,Mind Reading,Short explainer,15-30 sec,30,13,OK / check in TTS,audio/cognitive/p_508_aud_508_mindread_mind_reading.m4a,"Mind reading happens when we assume we know what other people think. With tinnitus, this may sound like, everyone thinks I am overreacting. The first question is: do I actually know that?",Yes,Collapsed by default; Play and Transcript buttons are separate.,Page narration / practice; global mini-player controls active while audio plays.,Yes,V10 approved edited script,Ready for TTS,Record / generate,Not generated,Not checked,Placeholder path; file not yet supplied,Good
84,AUD-508-MIN,AUD-508-MIN,Cognitive Reframing,CR-003,Minimizing,Short explainer,15-30 sec,30,10,OK / check in TTS,audio/cognitive/p_508_aud_508_min_minimizing.m4a,"Minimizing downplays progress. If you used sound therapy, breathing, or a better plan, that is not just luck. It is evidence that your choices matter.",Yes,Collapsed by default; Play and Transcript buttons are separate.,Page narration / practice; global mini-player controls active while audio plays.,Yes,V10 approved edited script,Ready for TTS,Record / generate,Not generated,Not checked,Placeholder path; file not yet supplied,Good.
85,AUD-508-CATA,AUD-508-CATA,Cognitive Reframing,CR-003,Catastrophizing,Short explainer,15-30 sec,30,14,OK / check in TTS,audio/cognitive/p_508_aud_508_cata_catastrophizing.m4a,Catastrophizing turns a hard moment into a disaster story. The goal is not to deny that the moment is hard. The goal is to stop the story from becoming larger than the evidence.,Yes,Collapsed by default; Play and Transcript buttons are separate.,Page narration / practice; global mini-player controls active while audio plays.,Yes,V10 approved edited script,Ready for TTS,Record / generate,Not generated,Not checked,Placeholder path; file not yet supplied,Good
86,AUD-508-CONTROL,AUD-508-CONTROL,Cognitive Reframing,CR-003,Control Fallacies,Short explainer,15-30 sec,30,16,OK / check in TTS,audio/cognitive/p_508_aud_508_control_control_fallacies.m4a,"Control fallacies make it feel like you have either total control or no control at all. Tinnitus management usually lives in the middle: you may not control every sound moment, but you can influence your response and environment.",Yes,Collapsed by default; Play and Transcript buttons are separate.,Page narration / practice; global mini-player controls active while audio plays.,Yes,V10 approved edited script,Ready for TTS,Record / generate,Not generated,Not checked,Placeholder path; file not yet supplied,Good
87,AUD-508-REWARD,AUD-508-REWARD,Cognitive Reframing,CR-003,Heaven's Reward Fallacy,Short explainer,15-30 sec,30,15,OK / check in TTS,audio/cognitive/p_508_aud_508_reward_heaven_s_reward_fallacy.m4a,Heaven’s reward fallacy is thinking that our struggle is justified just from it being a struggle. Suffering harder does not make tinnitus improve faster. A more useful question is: what action actually supports me today?,Yes,Collapsed by default; Play and Transcript buttons are separate.,Page narration / practice; global mini-player controls active while audio plays.,Yes,V10 approved edited script,Ready for TTS,Record / generate,Not generated,Not checked,Placeholder path; file not yet supplied,Adjusted
88,AUD-508-LABEL,AUD-508-LABEL,Cognitive Reframing,CR-003,Labeling,Short explainer,15-30 sec,30,9,OK / check in TTS,audio/cognitive/p_508_aud_508_label_labeling.m4a,Labeling turns a struggle into an identity. I am having a hard tinnitus day is very different from I am a failure.,Yes,Collapsed by default; Play and Transcript buttons are separate.,Page narration / practice; global mini-player controls active while audio plays.,Yes,V10 approved edited script,Ready for TTS,Record / generate,Not generated,Not checked,Placeholder path; file not yet supplied,Good
89,AUD-508-PERSON,AUD-508-PERSON,Cognitive Reframing,CR-003,Personalization,Short explainer,15-30 sec,30,9,OK / check in TTS,audio/cognitive/p_508_aud_508_person_personalization.m4a,"Personalization puts all the blame on you, even when the situation is more complicated. Reframing helps separate responsibility from self-attack.",Yes,Collapsed by default; Play and Transcript buttons are separate.,Page narration / practice; global mini-player controls active while audio plays.,Yes,V10 approved edited script,Ready for TTS,Record / generate,Not generated,Not checked,Placeholder path; file not yet supplied,Good
90,AUD-509-LOUD-MORNING,AUD-509-LOUD-MORNING,Cognitive Reframing,CR-004,Loud Morning Example,Example walkthrough,60-90 sec,90,27,OK / check in TTS,audio/cognitive/p_509_aud_509_loud_morning_loud_morning_example.m4a,"Let's try one example. The thought is: my tinnitus is loud this morning, so today will be terrible. That thought feels understandable, but is it guaranteed? Have you ever had loud tinnitus and still had a meaningful or even decent day? A more balanced statement might be: this morning is difficult, and I can still use my tools and see how the day unfolds.",Yes,Collapsed by default; Play and Transcript buttons are separate.,Page narration / practice; global mini-player controls active while audio plays.,Yes,V10 approved edited script,Ready for TTS,Record / generate,Not generated,Not checked,Placeholder path; file not yet supplied,Great
91,AUD-510-DISTORTION-DETECTIVE,AUD-510-DISTORTION-DETECTIVE,Cognitive Reframing,CR-005,Distortion Detective,Exercise walkthrough,60-90 sec,90,16,OK / check in TTS,audio/cognitive/p_510_aud_510_distortion_detective_distortion_detective.m4a,"Write the distressing thought as clearly as you can. Then choose the thought pattern that seems closest. Next, list what supports the thought and what contradicts it. Finally, write a more balanced way to look at the situation.",Yes,Collapsed by default; Play and Transcript buttons are separate.,Page narration / practice; global mini-player controls active while audio plays.,Yes,V10 approved edited script,Ready for TTS,Record / generate,Not generated,Not checked,Placeholder path; file not yet supplied,Good
92,AUD-510-LABEL,AUD-510-LABEL,Cognitive Reframing,CR-005,Name the Distortion,Short explainer,15-30 sec,30,11,OK / check in TTS,audio/cognitive/p_510_aud_510_label_name_the_distortion.m4a,"You do not have to pick the perfect label. Choose the closest pattern, or create your own name for it. The purpose is distance, not perfection.",Yes,Collapsed by default; Play and Transcript buttons are separate.,Page narration / practice; global mini-player controls active while audio plays.,Yes,V10 approved edited script,Ready for TTS,Record / generate,Not generated,Not checked,Placeholder path; file not yet supplied,Good
93,AUD-510-EVIDENCE,AUD-510-EVIDENCE,Cognitive Reframing,CR-005,Exercise 10 Evidence,Short explainer,15-30 sec,30,9,OK / check in TTS,audio/cognitive/p_510_aud_510_evidence_exercise_10_evidence.m4a,Evidence for and evidence against help the thought become testable. A thought can be partly true without being the whole story.,Yes,Collapsed by default; Play and Transcript buttons are separate.,Page narration / practice; global mini-player controls active while audio plays.,Yes,V10 approved edited script,Ready for TTS,Record / generate,Not generated,Not checked,Placeholder path; file not yet supplied,Good
94,AUD-510-BALANCED,AUD-510-BALANCED,Cognitive Reframing,CR-005,Exercise 10 Balanced Thought,Short explainer,15-30 sec,30,11,OK / check in TTS,audio/cognitive/p_510_aud_510_balanced_exercise_10_balanced_thought.m4a,The balanced thought should feel realistic enough to believe. It does not need to be cheerful. It needs to be more accurate than the original thought.,Yes,Collapsed by default; Play and Transcript buttons are separate.,Page narration / practice; global mini-player controls active while audio plays.,Yes,V10 approved edited script,Ready for TTS,Record / generate,Not generated,Not checked,Placeholder path; file not yet supplied,Slight adjustment.  
95,AUD-511-EVIDENCE-CONCEPT,AUD-511-EVIDENCE-CONCEPT,Cognitive Reframing,CR-005,Evidence Concept,Short explainer,15-30 sec,30,11,OK / check in TTS,audio/cognitive/p_511_aud_511_evidence_concept_evidence_concept.m4a,"When a thought is loud, certainty can come quickly. Looking at both sides slows the process down and gives your mind more than one path forward.",Yes,Collapsed by default; Play and Transcript buttons are separate.,Page narration / practice; global mini-player controls active while audio plays.,Yes,V10 approved edited script,Ready for TTS,Record / generate,Not generated,Not checked,Placeholder path; file not yet supplied,Good
96,AUD-512-EVIDENCE-TABLE,AUD-512-EVIDENCE-TABLE,Cognitive Reframing,CR-005,Evidence For-and-Against,Exercise walkthrough,60-90 sec,90,13,OK / check in TTS,audio/cognitive/p_512_aud_512_evidence_table_evidence_for_and_against.m4a,"Choose one negative belief about tinnitus. Write the evidence that seems to support it, then the evidence that does not support it. Use both sides to create a more balanced statement.",Yes,Collapsed by default; Play and Transcript buttons are separate.,Page narration / practice; global mini-player controls active while audio plays.,Yes,V10 approved edited script,Ready for TTS,Record / generate,Not generated,Not checked,Placeholder path; file not yet supplied,Good
97,AUD-513-REFRAME,AUD-513-REFRAME,Cognitive Reframing,CR-005,Balanced Reframe Builder,Exercise walkthrough,60-90 sec,90,15,OK / check in TTS,audio/cognitive/p_513_aud_513_reframe_balanced_reframe_builder.m4a,"A useful reframe often starts small: this is difficult, and I have handled difficult moments before. Or: this feels threatening, but the evidence does not prove that today is ruined. Choose words that are realistic for you.",Yes,Collapsed by default; Play and Transcript buttons are separate.,Page narration / practice; global mini-player controls active while audio plays.,Yes,V10 approved edited script,Ready for TTS,Record / generate,Not generated,Not checked,Placeholder path; file not yet supplied,Good
98,AUD-515-ONE-IN-TWENTY,AUD-515-ONE-IN-TWENTY,Cognitive Reframing,CR-006,Practice Expectations,Short explainer,30-60 sec,60,13,OK / check in TTS,audio/cognitive/p_515_aud_515_one_in_twenty_practice_expectations.m4a,"At first, you may miss most of these thoughts. That is expected. If you catch one out of twenty, that is not failure. That is the beginning of a skill becoming visible.",Yes,Collapsed by default; Play and Transcript buttons are separate.,Page narration / practice; global mini-player controls active while audio plays.,Yes,V10 approved edited script,Ready for TTS,Record / generate,Not generated,Not checked,Placeholder path; file not yet supplied,Good
99,AUD-516-TOP-PATTERNS,AUD-516-TOP-PATTERNS,Cognitive Reframing,CR-006,Top Thought Patterns,Short explainer,30-60 sec,60,13,OK / check in TTS,audio/cognitive/p_516_aud_516_top_patterns_top_thought_patterns.m4a,"Do not try to monitor every thought. Pick one or two patterns that show up often, like catastrophizing or all-or-nothing thinking. Those are the patterns we will practice noticing first.",Yes,Collapsed by default; Play and Transcript buttons are separate.,Page narration / practice; global mini-player controls active while audio plays.,Yes,V10 approved edited script,Ready for TTS,Record / generate,Not generated,Not checked,Placeholder path; file not yet supplied,Great
100,AUD-519-SUCCESS,AUD-519-SUCCESS,Cognitive Reframing,CR-006,Success Recognition,Short explainer,30-60 sec,60,13,OK / check in TTS,audio/cognitive/p_519_aud_519_success_success_recognition.m4a,"Progress is easy to minimize. If you used a skill, changed the environment, took a breath, or stayed engaged, that is worth noticing. It gives your brain evidence that your responses matter.",Yes,Collapsed by default; Play and Transcript buttons are separate.,Page narration / practice; global mini-player controls active while audio plays.,Yes,V10 approved edited script,Ready for TTS,Record / generate,Not generated,Not checked,Placeholder path; file not yet supplied,Great
101,AUD-520-BEYOND,AUD-520-BEYOND,Cognitive Reframing,CR-006,Beyond Tinnitus,Short explainer,60-90 sec,90,19,OK / check in TTS,audio/cognitive/p_520_aud_520_beyond_beyond_tinnitus.m4a,"Many people first notice these patterns with tinnitus, then find them elsewhere. The same catastrophizing that says tinnitus will ruin the day may also appear when a work inbox is full. Once you recognize the pattern, you can use the same skill in more than one place.",Yes,Collapsed by default; Play and Transcript buttons are separate.,Page narration / practice; global mini-player controls active while audio plays.,Yes,V10 approved edited script,Ready for TTS,Record / generate,Not generated,Not checked,Placeholder path; file not yet supplied,Good
102,AUD-521-WHACK,AUD-521-WHACK,Cognitive Reframing,CR-006,Do Not Chase Every Thought,Short explainer,30-60 sec,60,11,OK / check in TTS,audio/cognitive/p_521_aud_521_whack_do_not_chase_every_thought.m4a,Cognitive reframing should not become a whack-a-mole game where you chase every uncomfortable thought. Start with the repeated patterns that create the most distress.,Yes,Collapsed by default; Play and Transcript buttons are separate.,Page narration / practice; global mini-player controls active while audio plays.,Yes,V10 approved edited script,Ready for TTS,Record / generate,Not generated,Not checked,Placeholder path; file not yet supplied,Good
103,AUD-522-MYPLAN,AUD-522-MYPLAN,Cognitive Reframing,CR-006,Save to My Plan,Short explainer,15-30 sec,30,10,OK / check in TTS,audio/cognitive/p_522_aud_522_myplan_save_to_my_plan.m4a,Save the patterns and balanced statements that feel useful. These will stay in the app and can become part of your personal tinnitus management plan.,Yes,Collapsed by default; Play and Transcript buttons are separate.,Page narration / practice; global mini-player controls active while audio plays.,Yes,V10 approved edited script,Ready for TTS,Record / generate,Not generated,Not checked,Placeholder path; file not yet supplied,Good
104,AUD-523-BRIDGE,AUD-523-BRIDGE,Cognitive Reframing,CR-006,Bridge to Self-Compassion,Short explainer,30-60 sec,60,12,OK / check in TTS,audio/cognitive/p_523_aud_523_bridge_bridge_to_self_compassion.m4a,"After we learn to question a thought, the next step is learning not to attack ourselves for having it. The next section focuses on validation and self-compassion.",Yes,Collapsed by default; Play and Transcript buttons are separate.,Page narration / practice; global mini-player controls active while audio plays.,Yes,V10 approved edited script,Ready for TTS,Record / generate,Not generated,Not checked,Placeholder path; file not yet supplied,Good
105,AUD-700-OV,AUD-700-OV,Confidence and Communication,CC-001,Support and Communication,Loop overview,60-90 sec,90,18,OK / check in TTS,audio/confidence_and_communication/p_700_aud_700_ov_support_and_communication.m4a,"This section brings together two sides of tinnitus management. One side is internal: how you respond to yourself when tinnitus is hard. The other side is external: how you communicate your needs without withdrawing, over-apologizing, or feeling like your experience does not matter.",Yes,Collapsed by default; Play and Transcript buttons are separate.,Page narration / practice; global mini-player controls active while audio plays.,Yes,V10 approved edited script,Ready for TTS,Record / generate,Not generated,Not checked,Placeholder path; file not yet supplied,Good
106,AUD-701-S,AUD-701-S,Confidence and Communication,CC-001,Why this belongs,Short explainer,15-30 sec,30,13,OK / check in TTS,audio/confidence_and_communication/p_701_aud_701_s_why_this_belongs.m4a,"Tinnitus may be heard as a sound, but it can also affect confidence, relationships, and the way you talk to yourself. That is why support and communication belong in tinnitus management.",Yes,Collapsed by default; Play and Transcript buttons are separate.,Page narration / practice; global mini-player controls active while audio plays.,Yes,V10 approved edited script,Ready for TTS,Record / generate,Not generated,Not checked,Placeholder path; file not yet supplied,Good
107,AUD-702-S,AUD-702-S,Confidence and Communication,CC-001,Internal and external support,Short explainer,15-30 sec,30,14,OK / check in TTS,audio/confidence_and_communication/p_702_aud_702_s_internal_and_external_support.m4a,Self-compassion is the internal side of support. Interpersonal effectiveness is the external side. One helps you respond to yourself with more patience. The other helps you communicate clearly with the people around you.,Yes,Collapsed by default; Play and Transcript buttons are separate.,Page narration / practice; global mini-player controls active while audio plays.,Yes,V10 approved edited script,Ready for TTS,Record / generate,Not generated,Not checked,Placeholder path; file not yet supplied,Good
108,AUD-710-S,AUD-710-S,Confidence and Communication,CC-002,Self-compassion basics,Short explainer,15-30 sec,30,10,OK / check in TTS,audio/confidence_and_communication/p_710_aud_710_s_self_compassion_basics.m4a,Self-compassion is the skill of responding to yourself with the same patience and care you would probably offer to someone else who was struggling.,Yes,Collapsed by default; Play and Transcript buttons are separate.,Page narration / practice; global mini-player controls active while audio plays.,Yes,V10 approved edited script,Ready for TTS,Record / generate,Not generated,Not checked,Placeholder path; file not yet supplied,Adjusted
109,AUD-711-S,AUD-711-S,Confidence and Communication,CC-002,Validation basics,Short explainer,15-30 sec,30,9,OK / check in TTS,audio/confidence_and_communication/p_711_aud_711_s_validation_basics.m4a,Validation means recognizing that your reaction makes sense. Tinnitus distress is real. You can acknowledge that without deciding that nothing can change.,Yes,Collapsed by default; Play and Transcript buttons are separate.,Page narration / practice; global mini-player controls active while audio plays.,Yes,V10 approved edited script,Ready for TTS,Record / generate,Not generated,Not checked,Placeholder path; file not yet supplied,Good
110,AUD-713-S,AUD-713-S,Confidence and Communication,CC-002,Self-critical voice,Short explainer,15-30 sec,30,15,OK / check in TTS,audio/confidence_and_communication/p_713_aud_713_s_self_critical_voice.m4a,"The self-critical voice adds another layer to tinnitus. Instead of only dealing with the sound, you may also be dealing with thoughts like, I should be handling this better. This section helps you soften that voice.",Yes,Collapsed by default; Play and Transcript buttons are separate.,Page narration / practice; global mini-player controls active while audio plays.,Yes,V10 approved edited script,Ready for TTS,Record / generate,Not generated,Not checked,Placeholder path; file not yet supplied,Good
111,AUD-716-S,AUD-716-S,Confidence and Communication,CC-002,Slow progress counts,Short explainer,15-30 sec,30,12,OK / check in TTS,audio/confidence_and_communication/p_716_aud_716_s_slow_progress_counts.m4a,"You will miss opportunities to practice this. That is normal. It takes time. If you catch one self-critical thought that you would have missed before, that is progress.",Yes,Collapsed by default; Play and Transcript buttons are separate.,Page narration / practice; global mini-player controls active while audio plays.,Yes,V10 approved edited script,Ready for TTS,Record / generate,Not generated,Not checked,Placeholder path; file not yet supplied,Good.  
112,AUD-714-G,AUD-714-G,Confidence and Communication,CC-003,Re-scripting exercise,Exercise walkthrough,60-90 sec,90,19,OK / check in TTS,audio/confidence_and_communication/p_714_aud_714_g_re_scripting_exercise.m4a,Start with one self-critical thought. Now imagine that someone you care about said the same thing about themselves. What would you say back? Write that response down. Then adjust it so it sounds like something you could say to yourself on a hard day.,Yes,Collapsed by default; Play and Transcript buttons are separate.,Page narration / practice; global mini-player controls active while audio plays.,Yes,V10 approved edited script,Ready for TTS,Record / generate,Not generated,Not checked,Placeholder path; file not yet supplied,Adjusted one word
113,AUD-730-S,AUD-730-S,Confidence and Communication,CC-004,DEAR MAN overview,Short explainer,30-45 sec,45,17,OK / check in TTS,audio/confidence_and_communication/p_730_aud_730_s_dear_man_overview.m4a,"DEAR MAN is a structured way to make a request or explain a need. You describe the situation, express how it affects you, assert what you are asking for, reinforce why it matters, stay mindful, appear confident, and negotiate when needed.",Yes,Collapsed by default; Play and Transcript buttons are separate.,Page narration / practice; global mini-player controls active while audio plays.,Yes,V10 approved edited script,Ready for TTS,Record / generate,Not generated,Not checked,Placeholder path; file not yet supplied,Good
114,AUD-731-G,AUD-731-G,Confidence and Communication,CC-005,DEAR MAN exercise,Exercise walkthrough,60-90 sec,90,15,OK / check in TTS,audio/confidence_and_communication/p_731_aud_731_g_dear_man_exercise.m4a,"Think of one situation where tinnitus, hearing difficulty, or sound sensitivity makes communication harder. Describe the situation in neutral terms. Express how it affects you. Then write one clear request that would make the situation easier.",Yes,Collapsed by default; Play and Transcript buttons are separate.,Page narration / practice; global mini-player controls active while audio plays.,Yes,V10 approved edited script,Ready for TTS,Record / generate,Not generated,Not checked,Placeholder path; file not yet supplied,Good
115,AUD-701-G,AUD-701-G,Confidence and Communication,CC-005,DEAR MAN,Exercise walkthrough,60-90 sec,90,13,OK / check in TTS,audio/confidence_and_communication/p_701_aud_701_g_dear_man.m4a,"DEAR MAN helps you make a clear request. Describe the situation, express how it affects you, assert what you need, reinforce why it helps, and stay mindful, confident, and willing to negotiate.",Yes,Collapsed by default; Play and Transcript buttons are separate.,Page narration / practice; global mini-player controls active while audio plays.,Yes,V10 approved edited script,Ready for TTS,Record / generate,Not generated,Not checked,Placeholder path; file not yet supplied,Good. 
116,AUD-732-S,AUD-732-S,Confidence and Communication,CC-006,Waiting room example,Example,45-60 sec,60,19,OK / check in TTS,audio/confidence_and_communication/p_732_aud_732_s_waiting_room_example.m4a,"A person waiting in a shared room may feel overwhelmed by a loud television. Distress tolerance skills can help, but another option is a clear, respectful request: would it be possible to mute the TV while I wait? Sometimes the helpful action is simpler than we expect.",Yes,Collapsed by default; Play and Transcript buttons are separate.,Page narration / practice; global mini-player controls active while audio plays.,Yes,V10 approved edited script,Ready for TTS,Record / generate,Not generated,Not checked,Placeholder path; file not yet supplied,Good
117,AUD-750-OV,AUD-750-OV,Confidence and Communication,CC-006,Loop wrap-up,Wrap-up,45-60 sec,60,17,OK / check in TTS,audio/confidence_and_communication/p_750_aud_750_ov_loop_wrap_up.m4a,"Self-compassion helps you stop adding shame to tinnitus. Communication skills help you stop carrying everything alone. Together, they support the same goal as the rest of this app: staying engaged with life while you keep practicing the tools that help.",Yes,Collapsed by default; Play and Transcript buttons are separate.,Page narration / practice; global mini-player controls active while audio plays.,Yes,V10 approved edited script,Ready for TTS,Record / generate,Not generated,Not checked,Placeholder path; file not yet supplied,Good
118,AUD-800-OV,AUD-800-OV,Sleep,SL-001,Sleep,Chapter overview,60-90 sec,90,16,OK / check in TTS,audio/sleep/p_800_aud_800_ov_sleep.m4a,"Sleep and tinnitus can affect each other. Poor sleep can make the day feel harder, and tinnitus distress can make sleep feel harder. This section will talk about some of the things we can do to help sleep.  ",Yes,Collapsed by default; Play and Transcript buttons are separate.,Page narration / practice; global mini-player controls active while audio plays.,Yes,V10 approved edited script,Ready for TTS,Record / generate,Not generated,Not checked,Placeholder path; file not yet supplied,Changed ending.
119,NEW-AUD-SL-SCOPE-001,NEW-AUD-SL-SCOPE-001,Sleep,SL-001,Sleep scope and professional support,Scope explainer,30-45 sec,45,19,OK / check in TTS,audio/sleep/sl_scope_001_sleep_scope.m4a,"Sleep belongs here because tinnitus and sleep can strongly affect each other. This section is educational. It can help you understand common patterns and starter tools, but persistent sleep problems, suspected sleep apnea, medication questions, or major impairment deserve direct support from a qualified clinician.",Yes,Collapsed by default; Play and Transcript buttons are separate.,Page narration / practice; global mini-player controls active while audio plays.,Yes,Approved gap script,Ready for TTS,Record / generate,Not generated,Not checked,Placeholder path; file not yet supplied,Approved during asset-gap closure; final natural-phrasing edits allowed during TTS.
120,AUD-801-S,AUD-801-S,Sleep,SL-002,Sleep Cycle,Short explainer,15-30 sec,30,12,OK / check in TTS,audio/sleep/p_801_aud_801_s_sleep_cycle.m4a,"When tinnitus, stress, and poor sleep feed each other, the problem can feel bigger than any one piece. The goal is to find one helpful place to interrupt the cycle.",Yes,Collapsed by default; Play and Transcript buttons are separate.,Page narration / practice; global mini-player controls active while audio plays.,Yes,V10 approved edited script,Ready for TTS,Record / generate,Not generated,Not checked,Placeholder path; file not yet supplied,Good
121,NEW-AUD-SL-CBTI-001,NEW-AUD-SL-CBTI-001,Sleep,SL-003,CBT-I and BBTI in plain language,Short explainer,45-60 sec,60,27,OK / check in TTS,audio/sleep/sl_cbti_001_cbti_bbti_plain_language.m4a,"CBT-I is a structured treatment that looks at the thoughts, habits, and patterns that keep insomnia going. BBTI is a briefer behavioral version designed to make effective sleep tools more accessible. This app is not providing those treatments, but it can introduce the idea that sleep can often be approached with skills, structure, and professional support instead of only trying to knock yourself out.",Yes,Collapsed by default; Play and Transcript buttons are separate.,Page narration / practice; global mini-player controls active while audio plays.,Yes,Approved gap script,Ready for TTS,Record / generate,Not generated,Not checked,Placeholder path; file not yet supplied,Approved during asset-gap closure; final natural-phrasing edits allowed during TTS.
122,NEW-AUD-SL-SOUND-001,NEW-AUD-SL-SOUND-001,Sleep,SL-004,Sound at night / bedtime sound plan,Exercise walkthrough,45-60 sec,60,26,OK / check in TTS,audio/sleep/sl_sound_001_bedtime_sound_plan.m4a,"At night, tinnitus can stand out because the world gets quieter and there may be less to hold your attention. A bedtime sound plan uses the same sound therapy principles: comfortable sound, enough to hear, not so loud that it has to cover everything. Choose a sound source you can use consistently and safely, then let it support settling rather than forcing sleep.",Yes,Collapsed by default; Play and Transcript buttons are separate.,Page narration / practice; global mini-player controls active while audio plays.,Yes,Approved gap script,Ready for TTS,Record / generate,Not generated,Not checked,Placeholder path; file not yet supplied,Approved during asset-gap closure; final natural-phrasing edits allowed during TTS.
123,AUD-803-G,AUD-803-G,Sleep,SL-005,Negative Sleep Thoughts,Exercise walkthrough,60-90 sec,90,15,OK / check in TTS,audio/sleep/p_803_aud_803_g_negative_sleep_thoughts.m4a,"Thoughts that arise when we are trying to sleep can become very convincing. Write the sleep thought down, name the pattern, challenge it with evidence, and create a statement that is more balanced and less threatening.",Yes,Collapsed by default; Play and Transcript buttons are separate.,Page narration / practice; global mini-player controls active while audio plays.,Yes,V10 approved edited script,Ready for TTS,Record / generate,Not generated,Not checked,Placeholder path; file not yet supplied,Good
124,NEW-AUD-SL-STIM-001,NEW-AUD-SL-STIM-001,Sleep,SL-006,Stimulus control education,Short explainer,45-60 sec,60,27,OK / check in TTS,audio/sleep/sl_stim_001_stimulus_control_education.m4a,"When someone spends a lot of time awake, frustrated, and alert in bed, the bed can start to feel connected to struggle instead of sleep. Stimulus control is a sleep concept that tries to rebuild that connection. Here, we are introducing the idea carefully, not prescribing a rigid sleep treatment. If insomnia is persistent or severe, this is a good reason to seek sleep-focused care.",Yes,Collapsed by default; Play and Transcript buttons are separate.,Page narration / practice; global mini-player controls active while audio plays.,Yes,Approved gap script,Ready for TTS,Record / generate,Not generated,Not checked,Placeholder path; file not yet supplied,Approved during asset-gap closure; final natural-phrasing edits allowed during TTS.
125,AUD-802-G,AUD-802-G,Sleep,SL-007,Wind-Down,Guided practice,60-120 sec,120,15,OK / check in TTS,audio/sleep/p_802_aud_802_g_wind_down.m4a,"Let this be a transition rather than a test. You do not have to force sleep. Notice the body supported, soften the breath, and allow the next few minutes to be about settling rather than solving.",Yes,Collapsed by default; Play and Transcript buttons are separate.,Page narration / practice; global mini-player controls active while audio plays.,Yes,V10 approved edited script,Ready for TTS,Record / generate,Not generated,Not checked,Placeholder path; file not yet supplied,"Not sure exactly what this is for.  We’ll see it in context.   | Context must say this is a settling/transition practice, not a sleep guarantee. | Wind-down audio approved with clear page context: settling/transition practice, not forcing sleep."
126,NEW-AUD-SL-HELP-001,NEW-AUD-SL-HELP-001,Sleep,SL-008,When to seek sleep help,Scope/help explainer,30-45 sec,45,21,OK / check in TTS,audio/sleep/sl_help_001_when_to_seek_help.m4a,"If sleep is persistently disrupted, if you snore heavily, gasp, stop breathing, feel very sleepy during the day, or if sleep problems feel unsafe or unmanageable, it is worth seeking direct help. Tinnitus tools can support sleep, but they should not replace evaluation for sleep conditions or mental health concerns.",Yes,Collapsed by default; Play and Transcript buttons are separate.,Page narration / practice; global mini-player controls active while audio plays.,Yes,Approved gap script,Ready for TTS,Record / generate,Not generated,Not checked,Placeholder path; file not yet supplied,Approved during asset-gap closure; final natural-phrasing edits allowed during TTS.
127,AUD-950-S,AUD-950-S,My Plan,MP-001,My Plan,Short explainer,15-30 sec,30,13,OK / check in TTS,audio/my_plan/p_950_aud_950_s_my_plan.m4a,"My Plan collects the pieces you choose to save: sounds, statements, reframes, mindfulness tools, sleep supports, and other reminders. It is here so the app becomes personal without sending your data anywhere.",Yes,Collapsed by default; Play and Transcript buttons are separate.,Page narration / practice; global mini-player controls active while audio plays.,Yes,V10 approved edited script,Ready for TTS,Record / generate,Not generated,Not checked,Placeholder path; file not yet supplied,Good
128,AUD-900-S,AUD-900-S,My Plan,MP-003,Three Lines Journal,Short explainer,15-30 sec,30,14,OK / check in TTS,audio/my_plan/p_900_aud_900_s_three_lines_journal.m4a,"The Three Lines Journal is a quick local check-in: sound therapy, emotional regulation, and mindfulness. A few words or a checkmark can be enough. This is about routine when we get started.",Yes,Collapsed by default; Play and Transcript buttons are separate.,Page narration / practice; global mini-player controls active while audio plays.,Yes,V10 approved edited script,Ready for TTS,Record / generate,Not generated,Not checked,Placeholder path; file not yet supplied,Adjusted.  
